Instance,class_id,tau,R,eta,n_instances,Delta_SA,Delta_GA,Delta_TS,Delta_ACO,Delta_DPSO,Delta_DDE
"tau=0.3, R=0.25, eta=0.25 (1-5)",C01,0.3,0.25,0.25,5,-10.45,-29.46,-18.36,-24.44,-38.62,-46.02
"tau=0.3, R=0.25, eta=0.75 (11-15)",C02,0.3,0.25,0.75,5,-21.79,-59.38,-28.84,-12.62,-61.72,-62.88
"tau=0.3, R=0.75, eta=0.25 (21-25)",C03,0.3,0.75,0.25,5,-4.18,-31.75,-7.89,-32.68,-73.06,-74.68
"tau=0.3, R=0.75, eta=0.75 (31-35)",C04,0.3,0.75,0.75,5,0.0,-20.0,0.0,0.0,-20.0,-60.0
"tau=0.9, R=0.25, eta=0.25 (81-85)",C05,0.9,0.25,0.25,5,-0.46,-2.51,-2.61,-2.78,-2.74,-2.69
"tau=0.9, R=0.25, eta=0.75 (91-95)",C06,0.9,0.25,0.75,5,-1.77,-3.7,-3.61,-2.99,-3.71,-3.61
"tau=0.9, R=0.75, eta=0.25 (101-105)",C07,0.9,0.75,0.25,5,-0.82,-1.86,-1.77,-2.15,-1.9,-2.12
"tau=0.9, R=0.75, eta=0.75 (111-115)",C08,0.9,0.75,0.75,5,-2.29,-3.28,-3.64,-3.33,-3.81,-3.83
Average,,,,,40,-5.22,-18.99,-8.34,-10.12,-25.7,-31.98
