algorithm,elapsed_sec,n_instances,mean_twt,std_twt,mean_relative_twt_pct,std_relative_twt_pct,mean_improvement_vs_ATCS_pct
ACO,0,40,214314.025,218282.3529,100.0,0.0,0.0
ACO,1,40,212578.59,219328.9714,72.3274,37.549,27.6726
ACO,2,40,211962.61,218974.1097,70.5955,38.4297,29.4045
ACO,3,40,211775.975,218864.077,70.1448,38.641,29.8552
ACO,4,40,211740.425,218841.4259,70.0524,38.6784,29.9476
ACO,5,40,211728.53,218825.1269,70.0463,38.6781,29.9537
ACO,6,40,211728.115,218824.8259,70.046,38.6781,29.954
ACO,7,40,211728.115,218824.8259,70.046,38.6781,29.954
ACO,8,40,211728.115,218824.8259,70.046,38.6781,29.954
ACO,9,40,211728.115,218824.8259,70.046,38.6781,29.954
ACO,10,40,211728.115,218824.8259,70.046,38.6781,29.954
DDE,0,40,214314.025,218282.3529,100.0,0.0,0.0
DDE,1,40,214314.025,218282.3529,100.0,0.0,0.0
DDE,2,40,214313.92,218282.297,99.9963,0.0234,0.0037
DDE,3,40,214274.545,218275.8016,99.6299,1.8649,0.3701
DDE,4,40,213905.84,218296.4683,94.6146,11.4425,5.3854
DDE,5,40,213532.315,218397.2402,90.5063,17.6064,9.4937
DDE,6,40,213227.27,218549.9215,88.1772,20.2544,11.8228
DDE,7,40,213114.435,218594.3,87.3667,21.4954,12.6333
DDE,8,40,213051.305,218649.1364,86.8964,21.9594,13.1036
DDE,9,40,213045.74,218645.3757,86.8949,21.9584,13.1051
DDE,10,40,213045.74,218645.3757,86.8949,21.9584,13.1051
DPSO,0,40,214314.025,218282.3529,100.0,0.0,0.0
DPSO,1,40,213375.925,218849.0969,80.6825,31.6489,19.3175
DPSO,2,40,213196.145,218948.593,78.0971,34.2135,21.9029
DPSO,3,40,213076.235,218935.917,77.3073,34.9076,22.6927
DPSO,4,40,212944.7,218895.8158,76.7478,35.1436,23.2522
DPSO,5,40,212893.815,218900.1002,76.3648,35.5403,23.6352
DPSO,6,40,212857.385,218917.5116,76.0604,35.7636,23.9396
DPSO,7,40,212845.09,218924.9887,75.8973,35.8456,24.1027
DPSO,8,40,212797.525,218928.9283,75.6487,35.9767,24.3513
DPSO,9,40,212779.78,218923.8789,75.5108,36.0055,24.4892
DPSO,10,40,212744.35,218905.6933,75.3926,36.0969,24.6074
GA,0,40,214314.025,218282.3529,100.0,0.0,0.0
GA,1,40,212778.97,218888.6828,75.4757,35.924,24.5243
GA,2,40,212577.66,218845.7061,74.2601,36.7744,25.7399
GA,3,40,212408.01,218758.6647,73.7297,37.071,26.2703
GA,4,40,212343.365,218742.4892,73.4482,37.1845,26.5518
GA,5,40,212288.945,218717.2286,73.2912,37.237,26.7088
GA,6,40,212244.685,218695.4261,73.1835,37.2756,26.8165
GA,7,40,212204.2,218659.4607,73.1165,37.2921,26.8835
GA,8,40,212186.05,218647.5158,73.0811,37.3008,26.9189
GA,9,40,212178.485,218649.2874,73.0296,37.2924,26.9704
GA,10,40,212163.545,218642.6311,72.9753,37.2997,27.0247
GVNS,0,40,214314.025,218282.3529,100.0,0.0,0.0
GVNS,1,40,209387.245,216274.9182,69.423,38.4989,30.577
GVNS,2,40,207920.79,214998.0184,67.6362,39.0149,32.3638
GVNS,3,40,207273.69,214358.743,66.9158,39.2849,33.0842
GVNS,4,40,206764.1,213892.8115,66.4852,39.4056,33.5148
GVNS,5,40,206397.265,213533.6342,66.05,39.5878,33.95
GVNS,6,40,206126.715,213289.4032,65.7721,39.7226,34.2279
GVNS,7,40,205763.03,212985.069,65.502,39.7679,34.498
GVNS,8,40,205590.63,212804.7957,65.3369,39.8432,34.6631
GVNS,9,40,205517.315,212754.8887,65.1953,39.9016,34.8047
GVNS,10,40,205429.685,212695.1151,65.0664,39.9694,34.9336
SA,0,40,214314.025,218282.3529,100.0,0.0,0.0
SA,1,40,214229.43,218354.0867,98.0098,4.1989,1.9902
SA,2,40,214229.43,218354.0867,98.0098,4.1989,1.9902
SA,3,40,214229.43,218354.0867,98.0098,4.1989,1.9902
SA,4,40,214125.9,218454.4397,94.7478,11.3854,5.2522
SA,5,40,212419.905,217870.2908,80.523,30.4229,19.477
SA,6,40,209567.96,216009.99,71.1366,37.1351,28.8634
SA,7,40,208577.14,215367.2243,68.5643,38.6183,31.4357
SA,8,40,208425.555,215270.3618,68.0773,39.0011,31.9227
SA,9,40,208388.335,215258.2895,67.7925,39.2457,32.2075
SA,10,40,208386.025,215258.997,67.7706,39.2586,32.2294
TS,0,40,214314.025,218282.3529,100.0,0.0,0.0
TS,1,40,212381.85,218948.647,72.2806,38.1395,27.7194
TS,2,40,212271.395,218978.9556,71.4944,38.493,28.5056
TS,3,40,212204.65,218990.9002,71.1367,38.6163,28.8633
TS,4,40,212169.08,218999.8702,70.8671,38.7888,29.1329
TS,5,40,212136.59,218991.5735,70.7675,38.8459,29.2325
TS,6,40,212105.83,219001.0742,70.6138,38.9394,29.3862
TS,7,40,212072.34,219004.8671,70.4059,39.063,29.5941
TS,8,40,212058.1,219013.4084,70.2404,39.1766,29.7596
TS,9,40,212044.92,219011.7075,70.1731,39.2051,29.8269
TS,10,40,212033.565,219009.8829,70.1208,39.2238,29.8792
