class_id,tau,R,eta,instance,instance_no,comparator,gvns_mean_twt,comparator_mean_twt,delta_gvns_vs_comparator_pct
C01,0.3,0.25,0.25,wt_sds_1,1,DDE,790.2,2220.4,-64.41181769050621
C01,0.3,0.25,0.25,wt_sds_1,1,DPSO,790.2,1657.8,-52.33441910966341
C01,0.3,0.25,0.25,wt_sds_1,1,GA,790.2,1355.8,-41.717067414072865
C01,0.3,0.25,0.25,wt_sds_1,1,SA,790.2,891.8,-11.392688943709341
C01,0.3,0.25,0.25,wt_sds_1,1,TS,790.2,995.4,-20.614828209764912
C01,0.3,0.25,0.25,wt_sds_2,2,DDE,5610.0,8597.4,-34.74771442529136
C01,0.3,0.25,0.25,wt_sds_2,2,DPSO,5610.0,8326.2,-32.62232470995172
C01,0.3,0.25,0.25,wt_sds_2,2,GA,5610.0,7854.2,-28.57324743449364
C01,0.3,0.25,0.25,wt_sds_2,2,SA,5610.0,6142.0,-8.661673721914685
C01,0.3,0.25,0.25,wt_sds_2,2,TS,5610.0,6450.8,-13.034042289328458
C01,0.3,0.25,0.25,wt_sds_3,3,DDE,1934.0,4636.2,-58.2848022087054
C01,0.3,0.25,0.25,wt_sds_3,3,DPSO,1934.0,3475.4,-44.35172929734707
C01,0.3,0.25,0.25,wt_sds_3,3,GA,1934.0,2842.0,-31.94933145672062
C01,0.3,0.25,0.25,wt_sds_3,3,SA,1934.0,2291.4,-15.59745133979227
C01,0.3,0.25,0.25,wt_sds_3,3,TS,1934.0,2497.0,-22.547056467761315
C01,0.3,0.25,0.25,wt_sds_4,4,DDE,7044.2,11438.6,-38.41728882905251
C01,0.3,0.25,0.25,wt_sds_4,4,DPSO,7044.2,10271.6,-31.420616067603884
C01,0.3,0.25,0.25,wt_sds_4,4,GA,7044.2,9259.2,-23.92215310177986
C01,0.3,0.25,0.25,wt_sds_4,4,SA,7044.2,7679.0,-8.266701393410603
C01,0.3,0.25,0.25,wt_sds_4,4,TS,7044.2,9189.0,-23.3409511372293
C01,0.3,0.25,0.25,wt_sds_5,5,DDE,5026.0,7644.4,-34.25252472398095
C01,0.3,0.25,0.25,wt_sds_5,5,DPSO,5026.0,7429.2,-32.348032089592415
C01,0.3,0.25,0.25,wt_sds_5,5,GA,5026.0,6374.8,-21.158310848967812
C01,0.3,0.25,0.25,wt_sds_5,5,SA,5026.0,5483.2,-8.33819667347534
C01,0.3,0.25,0.25,wt_sds_5,5,TS,5026.0,5727.4,-12.246394524566115
C02,0.3,0.25,0.75,wt_sds_11,11,DDE,4982.2,10619.2,-53.08309477173422
C02,0.3,0.25,0.75,wt_sds_11,11,DPSO,4982.2,10370.4,-51.95749440715883
C02,0.3,0.25,0.75,wt_sds_11,11,GA,4982.2,8843.2,-43.66066582232676
C02,0.3,0.25,0.75,wt_sds_11,11,SA,4982.2,7071.2,-29.542369046272203
C02,0.3,0.25,0.75,wt_sds_11,11,TS,4982.2,6641.2,-24.980425224357045
C02,0.3,0.25,0.75,wt_sds_12,12,DDE,0.0,224.6,-100.0
C02,0.3,0.25,0.75,wt_sds_12,12,DPSO,0.0,37.0,-100.0
C02,0.3,0.25,0.75,wt_sds_12,12,GA,0.0,20.8,-100.0
C02,0.3,0.25,0.75,wt_sds_12,12,SA,0.0,0.0,0.0
C02,0.3,0.25,0.75,wt_sds_12,12,TS,0.0,0.0,0.0
C02,0.3,0.25,0.75,wt_sds_13,13,DDE,6127.4,11113.6,-44.86575007198388
C02,0.3,0.25,0.75,wt_sds_13,13,DPSO,6127.4,10936.2,-43.971397743274636
C02,0.3,0.25,0.75,wt_sds_13,13,GA,6127.4,10134.0,-39.53621472271561
C02,0.3,0.25,0.75,wt_sds_13,13,SA,6127.4,8299.8,-26.174124677703077
C02,0.3,0.25,0.75,wt_sds_13,13,TS,6127.4,9931.0,-38.30027187594402
C02,0.3,0.25,0.75,wt_sds_14,14,DDE,3804.2,8170.2,-53.43810433037135
C02,0.3,0.25,0.75,wt_sds_14,14,DPSO,3804.2,8017.4,-52.5507022226657
C02,0.3,0.25,0.75,wt_sds_14,14,GA,3804.2,9427.4,-59.64741073890999
C02,0.3,0.25,0.75,wt_sds_14,14,SA,3804.2,4958.4,-23.27767021619877
C02,0.3,0.25,0.75,wt_sds_14,14,TS,3804.2,5756.2,-33.91126090128905
C02,0.3,0.25,0.75,wt_sds_15,15,DDE,2356.2,6367.8,-62.99820974276831
C02,0.3,0.25,0.75,wt_sds_15,15,DPSO,2356.2,5911.6,-60.142770146829974
C02,0.3,0.25,0.75,wt_sds_15,15,GA,2356.2,5130.8,-54.07733686754502
C02,0.3,0.25,0.75,wt_sds_15,15,SA,2356.2,3365.0,-29.979197622585446
C02,0.3,0.25,0.75,wt_sds_15,15,TS,2356.2,4446.8,-47.01358280111542
C03,0.3,0.75,0.25,wt_sds_21,21,DDE,0.0,850.8,-100.0
C03,0.3,0.75,0.25,wt_sds_21,21,DPSO,0.0,59.4,-100.0
C03,0.3,0.75,0.25,wt_sds_21,21,GA,0.0,0.0,0.0
C03,0.3,0.75,0.25,wt_sds_21,21,SA,0.0,0.0,0.0
C03,0.3,0.75,0.25,wt_sds_21,21,TS,0.0,0.0,0.0
C03,0.3,0.75,0.25,wt_sds_22,22,DDE,0.0,1241.8,-100.0
C03,0.3,0.75,0.25,wt_sds_22,22,DPSO,0.0,15.8,-100.0
C03,0.3,0.75,0.25,wt_sds_22,22,GA,0.0,0.0,0.0
C03,0.3,0.75,0.25,wt_sds_22,22,SA,0.0,0.0,0.0
C03,0.3,0.75,0.25,wt_sds_22,22,TS,0.0,0.0,0.0
C03,0.3,0.75,0.25,wt_sds_23,23,DDE,0.0,0.0,0.0
C03,0.3,0.75,0.25,wt_sds_23,23,DPSO,0.0,0.0,0.0
C03,0.3,0.75,0.25,wt_sds_23,23,GA,0.0,0.0,0.0
C03,0.3,0.75,0.25,wt_sds_23,23,SA,0.0,0.0,0.0
C03,0.3,0.75,0.25,wt_sds_23,23,TS,0.0,0.0,0.0
C03,0.3,0.75,0.25,wt_sds_24,24,DDE,1112.8,4186.8,-73.42122862329225
C03,0.3,0.75,0.25,wt_sds_24,24,DPSO,1112.8,3208.2,-65.31388317436569
C03,0.3,0.75,0.25,wt_sds_24,24,GA,1112.8,2699.0,-58.769914783253064
C03,0.3,0.75,0.25,wt_sds_24,24,SA,1112.8,1406.6,-20.887245841035117
C03,0.3,0.75,0.25,wt_sds_24,24,TS,1112.8,1838.4,-39.469103568320286
C03,0.3,0.75,0.25,wt_sds_25,25,DDE,0.0,2586.0,-100.0
C03,0.3,0.75,0.25,wt_sds_25,25,DPSO,0.0,507.0,-100.0
C03,0.3,0.75,0.25,wt_sds_25,25,GA,0.0,208.4,-100.0
C03,0.3,0.75,0.25,wt_sds_25,25,SA,0.0,0.0,0.0
C03,0.3,0.75,0.25,wt_sds_25,25,TS,0.0,0.0,0.0
C04,0.3,0.75,0.75,wt_sds_31,31,DDE,0.0,99.2,-100.0
C04,0.3,0.75,0.75,wt_sds_31,31,DPSO,0.0,0.0,0.0
C04,0.3,0.75,0.75,wt_sds_31,31,GA,0.0,0.0,0.0
C04,0.3,0.75,0.75,wt_sds_31,31,SA,0.0,0.0,0.0
C04,0.3,0.75,0.75,wt_sds_31,31,TS,0.0,0.0,0.0
C04,0.3,0.75,0.75,wt_sds_32,32,DDE,0.0,542.4,-100.0
C04,0.3,0.75,0.75,wt_sds_32,32,DPSO,0.0,66.0,-100.0
C04,0.3,0.75,0.75,wt_sds_32,32,GA,0.0,6.6,-100.0
C04,0.3,0.75,0.75,wt_sds_32,32,SA,0.0,0.0,0.0
C04,0.3,0.75,0.75,wt_sds_32,32,TS,0.0,0.0,0.0
C04,0.3,0.75,0.75,wt_sds_33,33,DDE,0.0,457.6,-100.0
C04,0.3,0.75,0.75,wt_sds_33,33,DPSO,0.0,0.0,0.0
C04,0.3,0.75,0.75,wt_sds_33,33,GA,0.0,0.0,0.0
C04,0.3,0.75,0.75,wt_sds_33,33,SA,0.0,0.0,0.0
C04,0.3,0.75,0.75,wt_sds_33,33,TS,0.0,0.0,0.0
C04,0.3,0.75,0.75,wt_sds_34,34,DDE,0.0,0.0,0.0
C04,0.3,0.75,0.75,wt_sds_34,34,DPSO,0.0,0.0,0.0
C04,0.3,0.75,0.75,wt_sds_34,34,GA,0.0,0.0,0.0
C04,0.3,0.75,0.75,wt_sds_34,34,SA,0.0,0.0,0.0
C04,0.3,0.75,0.75,wt_sds_34,34,TS,0.0,0.0,0.0
C04,0.3,0.75,0.75,wt_sds_35,35,DDE,0.0,0.0,0.0
C04,0.3,0.75,0.75,wt_sds_35,35,DPSO,0.0,0.0,0.0
C04,0.3,0.75,0.75,wt_sds_35,35,GA,0.0,0.0,0.0
C04,0.3,0.75,0.75,wt_sds_35,35,SA,0.0,0.0,0.0
C04,0.3,0.75,0.75,wt_sds_35,35,TS,0.0,0.0,0.0
C05,0.9,0.25,0.25,wt_sds_81,81,DDE,390439.0,404169.2,-3.3971415931743465
C05,0.9,0.25,0.25,wt_sds_81,81,DPSO,390439.0,404274.0,-3.4221839643410163
C05,0.9,0.25,0.25,wt_sds_81,81,GA,390439.0,403851.6,-3.321170449739453
C05,0.9,0.25,0.25,wt_sds_81,81,SA,390439.0,389885.2,0.14204181128188204
C05,0.9,0.25,0.25,wt_sds_81,81,TS,390439.0,404037.6,-3.3656768577973875
C05,0.9,0.25,0.25,wt_sds_82,82,DDE,414729.4,426171.4,-2.684835256424997
C05,0.9,0.25,0.25,wt_sds_82,82,DPSO,414729.4,427193.0,-2.9175571697101725
C05,0.9,0.25,0.25,wt_sds_82,82,GA,414729.4,427412.0,-2.967300871290459
C05,0.9,0.25,0.25,wt_sds_82,82,SA,414729.4,418232.8,-0.8376674426300292
C05,0.9,0.25,0.25,wt_sds_82,82,TS,414729.4,425586.0,-2.550976770852419
C05,0.9,0.25,0.25,wt_sds_83,83,DDE,468523.4,479877.6,-2.366061679061484
C05,0.9,0.25,0.25,wt_sds_83,83,DPSO,468523.4,480088.4,-2.4089313551420943
C05,0.9,0.25,0.25,wt_sds_83,83,GA,468523.4,480085.0,-2.408240207463257
C05,0.9,0.25,0.25,wt_sds_83,83,SA,468523.4,469276.8,-0.16054490654555373
C05,0.9,0.25,0.25,wt_sds_83,83,TS,468523.4,479826.4,-2.355643624444174
C05,0.9,0.25,0.25,wt_sds_84,84,DDE,331387.4,340739.0,-2.744505325190241
C05,0.9,0.25,0.25,wt_sds_84,84,DPSO,331387.4,340596.0,-2.7036723860526775
C05,0.9,0.25,0.25,wt_sds_84,84,GA,331387.4,337054.0,-1.6812142861381194
C05,0.9,0.25,0.25,wt_sds_84,84,SA,331387.4,335293.4,-1.1649498618225111
C05,0.9,0.25,0.25,wt_sds_84,84,TS,331387.4,340583.2,-2.700015737711076
C05,0.9,0.25,0.25,wt_sds_85,85,DDE,561309.6,574175.2,-2.2407098042548643
C05,0.9,0.25,0.25,wt_sds_85,85,DPSO,561309.6,574307.8,-2.263281118591819
C05,0.9,0.25,0.25,wt_sds_85,85,GA,561309.6,573777.2,-2.172899167133162
C05,0.9,0.25,0.25,wt_sds_85,85,SA,561309.6,562926.0,-0.28714253738502454
C05,0.9,0.25,0.25,wt_sds_85,85,TS,561309.6,573219.2,-2.0776694151207735
C06,0.9,0.25,0.75,wt_sds_91,91,DDE,347788.6,355578.2,-2.1906854807184564
C06,0.9,0.25,0.75,wt_sds_91,91,DPSO,347788.6,356257.8,-2.377267248604806
C06,0.9,0.25,0.75,wt_sds_91,91,GA,347788.6,356181.0,-2.3562177656865533
C06,0.9,0.25,0.75,wt_sds_91,91,SA,347788.6,356272.0,-2.381158216194375
C06,0.9,0.25,0.75,wt_sds_91,91,TS,347788.6,355762.2,-2.241272400496746
C06,0.9,0.25,0.75,wt_sds_92,92,DDE,370148.0,390457.6,-5.201486665901746
C06,0.9,0.25,0.75,wt_sds_92,92,DPSO,370148.0,390582.0,-5.231679903323758
C06,0.9,0.25,0.75,wt_sds_92,92,GA,370148.0,390574.2,-5.229787323381834
C06,0.9,0.25,0.75,wt_sds_92,92,SA,370148.0,378095.8,-2.102059848324152
C06,0.9,0.25,0.75,wt_sds_92,92,TS,370148.0,390567.8,-5.22823438081685
C06,0.9,0.25,0.75,wt_sds_93,93,DDE,419020.2,431654.2,-2.9268798959908184
C06,0.9,0.25,0.75,wt_sds_93,93,DPSO,419020.2,431927.0,-2.988190133980971
C06,0.9,0.25,0.75,wt_sds_93,93,GA,419020.2,431927.0,-2.988190133980971
C06,0.9,0.25,0.75,wt_sds_93,93,SA,419020.2,426789.0,-1.8202905885578091
C06,0.9,0.25,0.75,wt_sds_93,93,TS,419020.2,430927.2,-2.763111727456517
C06,0.9,0.25,0.75,wt_sds_94,94,DDE,350019.0,356999.2,-1.9552424767338445
C06,0.9,0.25,0.75,wt_sds_94,94,DPSO,350019.0,357282.2,-2.032902842626924
C06,0.9,0.25,0.75,wt_sds_94,94,GA,350019.0,357289.2,-2.034822211250721
C06,0.9,0.25,0.75,wt_sds_94,94,SA,350019.0,351775.0,-0.49918271622485966
C06,0.9,0.25,0.75,wt_sds_94,94,TS,350019.0,357314.2,-2.041676485289421
C06,0.9,0.25,0.75,wt_sds_95,95,DDE,534241.6,566946.2,-5.768554406044168
C06,0.9,0.25,0.75,wt_sds_95,95,DPSO,534241.6,567904.0,-5.927480700963547
C06,0.9,0.25,0.75,wt_sds_95,95,GA,534241.6,567734.0,-5.899312001747301
C06,0.9,0.25,0.75,wt_sds_95,95,SA,534241.6,545520.8,-2.0676021885875056
C06,0.9,0.25,0.75,wt_sds_95,95,TS,534241.6,566946.2,-5.768554406044168
C07,0.9,0.75,0.25,wt_sds_101,101,DDE,355775.2,361777.6,-1.6591408644426757
C07,0.9,0.75,0.25,wt_sds_101,101,DPSO,355775.2,360527.8,-1.3182339891680965
C07,0.9,0.75,0.25,wt_sds_101,101,GA,355775.2,360392.8,-1.2812686601952028
C07,0.9,0.75,0.25,wt_sds_101,101,SA,355775.2,359174.4,-0.9463926159548152
C07,0.9,0.75,0.25,wt_sds_101,101,TS,355775.2,360044.2,-1.1856877572253628
C07,0.9,0.75,0.25,wt_sds_102,102,DDE,496825.0,498759.8,-0.38792220223040996
C07,0.9,0.75,0.25,wt_sds_102,102,DPSO,496825.0,498856.0,-0.40713151691069166
C07,0.9,0.75,0.25,wt_sds_102,102,GA,496825.0,498856.0,-0.40713151691069166
C07,0.9,0.75,0.25,wt_sds_102,102,SA,496825.0,498892.8,-0.41447781968390573
C07,0.9,0.75,0.25,wt_sds_102,102,TS,496825.0,498746.2,-0.38520594242121775
C07,0.9,0.75,0.25,wt_sds_103,103,DDE,381951.6,398473.6,-4.146322366149226
C07,0.9,0.75,0.25,wt_sds_103,103,DPSO,381951.6,395540.8,-3.435600069575632
C07,0.9,0.75,0.25,wt_sds_103,103,GA,381951.6,395155.6,-3.3414685253100296
C07,0.9,0.75,0.25,wt_sds_103,103,SA,381951.6,386194.6,-1.0986689094047406
C07,0.9,0.75,0.25,wt_sds_103,103,TS,381951.6,394507.6,-3.182701676723085
C07,0.9,0.75,0.25,wt_sds_104,104,DDE,361585.8,369120.6,-2.0412840681338267
C07,0.9,0.75,0.25,wt_sds_104,104,DPSO,361585.8,368851.0,-1.9696842356398687
C07,0.9,0.75,0.25,wt_sds_104,104,GA,361585.8,368538.4,-1.8865333978765941
C07,0.9,0.75,0.25,wt_sds_104,104,SA,361585.8,363219.4,-0.4497557123876188
C07,0.9,0.75,0.25,wt_sds_104,104,TS,361585.8,368110.4,-1.772457393216827
C07,0.9,0.75,0.25,wt_sds_105,105,DDE,453960.6,464857.4,-2.344116711920698
C07,0.9,0.75,0.25,wt_sds_105,105,DPSO,453960.6,465045.0,-2.383511273102608
C07,0.9,0.75,0.25,wt_sds_105,105,GA,453960.6,464973.0,-2.368395584259736
C07,0.9,0.75,0.25,wt_sds_105,105,SA,453960.6,459545.6,-1.2153309704194752
C07,0.9,0.75,0.25,wt_sds_105,105,TS,453960.6,464870.0,-2.3467636113322055
C08,0.9,0.75,0.75,wt_sds_111,111,DDE,348961.8,364910.6,-4.370604745381469
C08,0.9,0.75,0.75,wt_sds_111,111,DPSO,348961.8,365409.0,-4.501038562268585
C08,0.9,0.75,0.75,wt_sds_111,111,GA,348961.8,364896.6,-4.366935729190129
C08,0.9,0.75,0.75,wt_sds_111,111,SA,348961.8,359971.8,-3.058572921545521
C08,0.9,0.75,0.75,wt_sds_111,111,TS,348961.8,364596.6,-4.288246242559582
C08,0.9,0.75,0.75,wt_sds_112,112,DDE,377121.8,401307.2,-6.026654891813559
C08,0.9,0.75,0.75,wt_sds_112,112,DPSO,377121.8,399276.2,-5.548640264558725
C08,0.9,0.75,0.75,wt_sds_112,112,GA,377121.8,393599.2,-4.186339809633765
C08,0.9,0.75,0.75,wt_sds_112,112,SA,377121.8,383552.0,-1.6764871516769597
C08,0.9,0.75,0.75,wt_sds_112,112,TS,377121.8,396928.8,-4.990063709158923
C08,0.9,0.75,0.75,wt_sds_113,113,DDE,263460.6,267052.6,-1.345053371508085
C08,0.9,0.75,0.75,wt_sds_113,113,DPSO,263460.6,267516.8,-1.5162412229811406
C08,0.9,0.75,0.75,wt_sds_113,113,GA,263460.6,267326.8,-1.4462448209457532
C08,0.9,0.75,0.75,wt_sds_113,113,SA,263460.6,268653.4,-1.9328994161250317
C08,0.9,0.75,0.75,wt_sds_113,113,TS,263460.6,267532.2,-1.5219102597743503
C08,0.9,0.75,0.75,wt_sds_114,114,DDE,475410.2,494642.4,-3.8881017882817996
C08,0.9,0.75,0.75,wt_sds_114,114,DPSO,475410.2,494861.0,-3.9305582779810875
C08,0.9,0.75,0.75,wt_sds_114,114,GA,475410.2,494855.8,-3.9295487695607445
C08,0.9,0.75,0.75,wt_sds_114,114,SA,475410.2,492843.0,-3.537191357085317
C08,0.9,0.75,0.75,wt_sds_114,114,TS,475410.2,494858.6,-3.930092353654148
C08,0.9,0.75,0.75,wt_sds_115,115,DDE,475741.4,493163.0,-3.532625115833908
C08,0.9,0.75,0.75,wt_sds_115,115,DPSO,475741.4,493189.0,-3.537710695088491
C08,0.9,0.75,0.75,wt_sds_115,115,GA,475741.4,487906.2,-2.4932661236934455
C08,0.9,0.75,0.75,wt_sds_115,115,SA,475741.4,481738.8,-1.244948507365395
C08,0.9,0.75,0.75,wt_sds_115,115,TS,475741.4,492904.8,-3.4820922823230704
