algorithm,factor,level,n_instances,mean_improvement_pct,std_improvement_pct,min_improvement_pct,max_improvement_pct,mean_twt
DDE,tau,0.3,20,25.9834,25.3082,0.0,77.227,4049.85
DDE,tau,0.9,20,0.2268,0.24,0.0075,0.893,422041.63
DPSO,tau,0.3,20,48.9673,37.7514,0.0,100.0,3514.46
DPSO,tau,0.9,20,0.2475,0.3426,0.0,1.1091,421974.24
GA,tau,0.3,20,53.5937,37.0036,0.0,100.0,3207.81
GA,tau,0.9,20,0.4556,0.598,0.0,2.3106,421119.28
GVNS,tau,0.3,20,66.5864,34.1713,0.0,100.0,1939.36
GVNS,tau,0.9,20,3.2807,1.4986,0.4315,6.4003,408920.01
SA,tau,0.3,20,62.4919,35.1238,0.0,100.0,2379.42
SA,tau,0.9,20,1.9669,1.3669,0.0,4.8043,414392.63
TS,tau,0.3,20,59.3747,36.4176,0.0,100.0,2673.66
TS,tau,0.9,20,0.3837,0.444,0.0005,1.4843,421393.47
DDE,R,0.25,20,14.0201,19.9354,0.0318,70.0932,219890.01
DDE,R,0.75,20,12.1901,24.301,0.0,77.227,206201.47
DPSO,R,0.25,20,18.6017,24.8354,0.0,95.0732,219842.25
DPSO,R,0.75,20,30.6132,44.5177,0.0,100.0,205646.45
GA,R,0.25,20,21.8881,26.6182,0.0,97.2304,219356.37
GA,R,0.75,20,32.1612,45.7349,0.0,100.0,204970.72
GVNS,R,0.25,20,34.3953,33.5411,2.1531,100.0,211264.03
GVNS,R,0.75,20,35.4719,46.4067,0.0,100.0,199595.34
SA,R,0.25,20,30.0549,31.1904,0.0,100.0,214012.43
SA,R,0.75,20,34.4039,46.6989,0.0,100.0,202759.62
TS,R,0.25,20,26.3774,30.7069,0.0036,100.0,218820.24
TS,R,0.75,20,33.381,46.7895,0.0,100.0,205246.89
DDE,eta,0.25,20,10.449,18.9401,0.0,77.227,218076.19
DDE,eta,0.75,20,15.7612,24.8222,0.0,70.0932,208015.29
DPSO,eta,0.25,20,23.9064,33.3585,0.0,98.8075,217511.52
DPSO,eta,0.75,20,25.3084,39.5061,0.0,100.0,207977.18
GA,eta,0.25,20,27.4523,35.6301,0.0,100.0,217034.45
GA,eta,0.75,20,26.597,39.823,0.0,100.0,207292.64
GVNS,eta,0.25,20,34.8193,39.1696,0.0,100.0,211900.21
GVNS,eta,0.75,20,35.0479,41.7721,0.0,100.0,198959.16
SA,eta,0.25,20,33.0147,38.3868,0.0,100.0,213326.75
SA,eta,0.75,20,31.4441,41.0943,0.0,100.0,203445.3
TS,eta,0.25,20,30.6746,38.0081,0.0,100.0,216811.44
TS,eta,0.75,20,29.0837,41.3768,0.0,100.0,207255.69
