algorithm,class_id,tau,R,eta,instance,instance_no,n_seeds,min_twt,mean_twt,max_twt,std_twt
ACO,C01,0.3,0.25,0.25,wt_sds_1,1,5,967,1156.4,1286,128.12
ACO,C01,0.3,0.25,0.25,wt_sds_2,2,5,6078,6812.0,7657,574.13
ACO,C01,0.3,0.25,0.25,wt_sds_3,3,5,2514,2701.8,2842,128.77
ACO,C01,0.3,0.25,0.25,wt_sds_4,4,5,8217,9673.2,10190,820.02
ACO,C01,0.3,0.25,0.25,wt_sds_5,5,5,5814,6076.2,6573,293.97
ACO,C02,0.3,0.25,0.75,wt_sds_11,11,5,4709,5723.4,6619,683.46
ACO,C02,0.3,0.25,0.75,wt_sds_12,12,5,0,0.0,0,0.0
ACO,C02,0.3,0.25,0.75,wt_sds_13,13,5,6264,7325.0,7848,621.65
ACO,C02,0.3,0.25,0.75,wt_sds_14,14,5,3933,4437.0,5009,504.35
ACO,C02,0.3,0.25,0.75,wt_sds_15,15,5,2404,2928.4,3428,386.69
ACO,C03,0.3,0.75,0.25,wt_sds_21,21,5,0,0.0,0,0.0
ACO,C03,0.3,0.75,0.25,wt_sds_22,22,5,0,0.0,0,0.0
ACO,C03,0.3,0.75,0.25,wt_sds_23,23,5,0,0.0,0,0.0
ACO,C03,0.3,0.75,0.25,wt_sds_24,24,5,2874,3038.6,3369,194.0
ACO,C03,0.3,0.75,0.25,wt_sds_25,25,5,148,303.2,538,176.48
ACO,C04,0.3,0.75,0.75,wt_sds_31,31,5,0,0.0,0,0.0
ACO,C04,0.3,0.75,0.75,wt_sds_32,32,5,0,0.0,0,0.0
ACO,C04,0.3,0.75,0.75,wt_sds_33,33,5,0,0.0,0,0.0
ACO,C04,0.3,0.75,0.75,wt_sds_34,34,5,0,0.0,0,0.0
ACO,C04,0.3,0.75,0.75,wt_sds_35,35,5,0,0.0,0,0.0
ACO,C05,0.9,0.25,0.25,wt_sds_81,81,5,404181,404320.2,404367,78.73
ACO,C05,0.9,0.25,0.25,wt_sds_82,82,5,427641,428170.2,428648,382.12
ACO,C05,0.9,0.25,0.25,wt_sds_83,83,5,478949,479699.4,480103,513.34
ACO,C05,0.9,0.25,0.25,wt_sds_84,84,5,339722,340491.8,340970,535.11
ACO,C05,0.9,0.25,0.25,wt_sds_85,85,5,574363,574657.8,574751,166.65
ACO,C06,0.9,0.25,0.75,wt_sds_91,91,5,351877,354748.4,355630,1608.29
ACO,C06,0.9,0.25,0.75,wt_sds_92,92,5,378417,383236.4,390569,4651.75
ACO,C06,0.9,0.25,0.75,wt_sds_93,93,5,431586,431723.0,431927,186.23
ACO,C06,0.9,0.25,0.75,wt_sds_94,94,5,353085,355805.4,357493,2139.52
ACO,C06,0.9,0.25,0.75,wt_sds_95,95,5,558107,562300.2,569126,5044.27
ACO,C07,0.9,0.75,0.25,wt_sds_101,101,5,361223,361439.8,361525,127.13
ACO,C07,0.9,0.75,0.25,wt_sds_102,102,5,498082,498723.2,498966,361.59
ACO,C07,0.9,0.75,0.25,wt_sds_103,103,5,399045,399587.6,399859,340.54
ACO,C07,0.9,0.75,0.25,wt_sds_104,104,5,368585,369468.4,369800,523.36
ACO,C07,0.9,0.75,0.25,wt_sds_105,105,5,461768,464392.4,465059,1467.1
ACO,C08,0.9,0.75,0.75,wt_sds_111,111,5,362776,363937.0,365255,1118.69
ACO,C08,0.9,0.75,0.75,wt_sds_112,112,5,390847,395770.6,401161,3713.39
ACO,C08,0.9,0.75,0.75,wt_sds_113,113,5,266131,266602.8,267266,510.74
ACO,C08,0.9,0.75,0.75,wt_sds_114,114,5,489408,491688.2,494861,2110.97
ACO,C08,0.9,0.75,0.75,wt_sds_115,115,5,488166,492186.6,493200,2247.59
DDE,C01,0.3,0.25,0.25,wt_sds_1,1,5,1704,2220.4,2442,304.07
DDE,C01,0.3,0.25,0.25,wt_sds_2,2,5,7675,8597.4,9843,921.5
DDE,C01,0.3,0.25,0.25,wt_sds_3,3,5,3600,4636.2,5053,640.46
DDE,C01,0.3,0.25,0.25,wt_sds_4,4,5,10662,11438.6,11934,602.07
DDE,C01,0.3,0.25,0.25,wt_sds_5,5,5,6888,7644.4,8652,663.18
DDE,C02,0.3,0.25,0.75,wt_sds_11,11,5,7691,10619.2,14694,2757.84
DDE,C02,0.3,0.25,0.75,wt_sds_12,12,5,0,224.6,751,327.56
DDE,C02,0.3,0.25,0.75,wt_sds_13,13,5,10704,11113.6,11556,427.58
DDE,C02,0.3,0.25,0.75,wt_sds_14,14,5,5895,8170.2,9336,1361.78
DDE,C02,0.3,0.25,0.75,wt_sds_15,15,5,5295,6367.8,6829,686.59
DDE,C03,0.3,0.75,0.25,wt_sds_21,21,5,284,850.8,1056,319.72
DDE,C03,0.3,0.75,0.25,wt_sds_22,22,5,989,1241.8,1325,144.09
DDE,C03,0.3,0.75,0.25,wt_sds_23,23,5,0,0.0,0,0.0
DDE,C03,0.3,0.75,0.25,wt_sds_24,24,5,3716,4186.8,4392,270.99
DDE,C03,0.3,0.75,0.25,wt_sds_25,25,5,2511,2586.0,2696,70.09
DDE,C04,0.3,0.75,0.75,wt_sds_31,31,5,0,99.2,237,122.38
DDE,C04,0.3,0.75,0.75,wt_sds_32,32,5,0,542.4,1595,653.67
DDE,C04,0.3,0.75,0.75,wt_sds_33,33,5,228,457.6,541,131.51
DDE,C04,0.3,0.75,0.75,wt_sds_34,34,5,0,0.0,0,0.0
DDE,C04,0.3,0.75,0.75,wt_sds_35,35,5,0,0.0,0,0.0
DDE,C05,0.9,0.25,0.25,wt_sds_81,81,5,404073,404169.2,404350,105.28
DDE,C05,0.9,0.25,0.25,wt_sds_82,82,5,425470,426171.4,426708,482.2
DDE,C05,0.9,0.25,0.25,wt_sds_83,83,5,479798,479877.6,479926,66.46
DDE,C05,0.9,0.25,0.25,wt_sds_84,84,5,340580,340739.0,340970,210.5
DDE,C05,0.9,0.25,0.25,wt_sds_85,85,5,574000,574175.2,574274,112.81
DDE,C06,0.9,0.25,0.75,wt_sds_91,91,5,354727,355578.2,355812,475.99
DDE,C06,0.9,0.25,0.75,wt_sds_92,92,5,390437,390457.6,390478,19.24
DDE,C06,0.9,0.25,0.75,wt_sds_93,93,5,431586,431654.2,431927,152.5
DDE,C06,0.9,0.25,0.75,wt_sds_94,94,5,356096,356999.2,357409,519.48
DDE,C06,0.9,0.25,0.75,wt_sds_95,95,5,566581,566946.2,567473,349.95
DDE,C07,0.9,0.75,0.25,wt_sds_101,101,5,361236,361777.6,362573,726.13
DDE,C07,0.9,0.75,0.25,wt_sds_102,102,5,498513,498759.8,498856,150.35
DDE,C07,0.9,0.75,0.25,wt_sds_103,103,5,396647,398473.6,399356,1074.89
DDE,C07,0.9,0.75,0.25,wt_sds_104,104,5,367961,369120.6,369729,818.64
DDE,C07,0.9,0.75,0.25,wt_sds_105,105,5,464705,464857.4,464969,122.09
DDE,C08,0.9,0.75,0.75,wt_sds_111,111,5,364490,364910.6,365225,314.76
DDE,C08,0.9,0.75,0.75,wt_sds_112,112,5,397429,401307.2,402403,2178.98
DDE,C08,0.9,0.75,0.75,wt_sds_113,113,5,266733,267052.6,267486,309.27
DDE,C08,0.9,0.75,0.75,wt_sds_114,114,5,493768,494642.4,494861,488.8
DDE,C08,0.9,0.75,0.75,wt_sds_115,115,5,493059,493163.0,493189,58.14
DPSO,C01,0.3,0.25,0.25,wt_sds_1,1,5,1522,1657.8,1758,96.87
DPSO,C01,0.3,0.25,0.25,wt_sds_2,2,5,7850,8326.2,8936,474.66
DPSO,C01,0.3,0.25,0.25,wt_sds_3,3,5,3184,3475.4,3849,280.24
DPSO,C01,0.3,0.25,0.25,wt_sds_4,4,5,9679,10271.6,10506,339.49
DPSO,C01,0.3,0.25,0.25,wt_sds_5,5,5,7216,7429.2,7672,206.54
DPSO,C02,0.3,0.25,0.75,wt_sds_11,11,5,9564,10370.4,11424,717.75
DPSO,C02,0.3,0.25,0.75,wt_sds_12,12,5,0,37.0,118,50.02
DPSO,C02,0.3,0.25,0.75,wt_sds_13,13,5,10895,10936.2,10998,56.42
DPSO,C02,0.3,0.25,0.75,wt_sds_14,14,5,6152,8017.4,9098,1149.31
DPSO,C02,0.3,0.25,0.75,wt_sds_15,15,5,5569,5911.6,6448,347.77
DPSO,C03,0.3,0.75,0.25,wt_sds_21,21,5,0,59.4,134,52.67
DPSO,C03,0.3,0.75,0.25,wt_sds_22,22,5,0,15.8,79,35.33
DPSO,C03,0.3,0.75,0.25,wt_sds_23,23,5,0,0.0,0,0.0
DPSO,C03,0.3,0.75,0.25,wt_sds_24,24,5,2696,3208.2,3664,435.45
DPSO,C03,0.3,0.75,0.25,wt_sds_25,25,5,398,507.0,634,102.8
DPSO,C04,0.3,0.75,0.75,wt_sds_31,31,5,0,0.0,0,0.0
DPSO,C04,0.3,0.75,0.75,wt_sds_32,32,5,21,66.0,158,53.32
DPSO,C04,0.3,0.75,0.75,wt_sds_33,33,5,0,0.0,0,0.0
DPSO,C04,0.3,0.75,0.75,wt_sds_34,34,5,0,0.0,0,0.0
DPSO,C04,0.3,0.75,0.75,wt_sds_35,35,5,0,0.0,0,0.0
DPSO,C05,0.9,0.25,0.25,wt_sds_81,81,5,404274,404274.0,404274,0.0
DPSO,C05,0.9,0.25,0.25,wt_sds_82,82,5,425838,427193.0,428265,892.51
DPSO,C05,0.9,0.25,0.25,wt_sds_83,83,5,480030,480088.4,480103,32.65
DPSO,C05,0.9,0.25,0.25,wt_sds_84,84,5,340596,340596.0,340596,0.0
DPSO,C05,0.9,0.25,0.25,wt_sds_85,85,5,574271,574307.8,574363,50.39
DPSO,C06,0.9,0.25,0.75,wt_sds_91,91,5,356201,356257.8,356272,31.75
DPSO,C06,0.9,0.25,0.75,wt_sds_92,92,5,390582,390582.0,390582,0.0
DPSO,C06,0.9,0.25,0.75,wt_sds_93,93,5,431927,431927.0,431927,0.0
DPSO,C06,0.9,0.25,0.75,wt_sds_94,94,5,357213,357282.2,357559,154.74
DPSO,C06,0.9,0.25,0.75,wt_sds_95,95,5,567473,567904.0,568115,257.94
DPSO,C07,0.9,0.75,0.25,wt_sds_101,101,5,360369,360527.8,360577,90.28
DPSO,C07,0.9,0.75,0.25,wt_sds_102,102,5,498856,498856.0,498856,0.0
DPSO,C07,0.9,0.75,0.25,wt_sds_103,103,5,394604,395540.8,396947,1243.09
DPSO,C07,0.9,0.75,0.25,wt_sds_104,104,5,368851,368851.0,368851,0.0
DPSO,C07,0.9,0.75,0.25,wt_sds_105,105,5,465045,465045.0,465045,0.0
DPSO,C08,0.9,0.75,0.75,wt_sds_111,111,5,365409,365409.0,365409,0.0
DPSO,C08,0.9,0.75,0.75,wt_sds_112,112,5,398414,399276.2,402519,1813.51
DPSO,C08,0.9,0.75,0.75,wt_sds_113,113,5,267486,267516.8,267563,42.17
DPSO,C08,0.9,0.75,0.75,wt_sds_114,114,5,494861,494861.0,494861,0.0
DPSO,C08,0.9,0.75,0.75,wt_sds_115,115,5,493189,493189.0,493189,0.0
GA,C01,0.3,0.25,0.25,wt_sds_1,1,5,1190,1355.8,1483,118.85
GA,C01,0.3,0.25,0.25,wt_sds_2,2,5,7505,7854.2,8495,411.09
GA,C01,0.3,0.25,0.25,wt_sds_3,3,5,2622,2842.0,3081,177.44
GA,C01,0.3,0.25,0.25,wt_sds_4,4,5,8728,9259.2,9686,373.84
GA,C01,0.3,0.25,0.25,wt_sds_5,5,5,5862,6374.8,6924,392.09
GA,C02,0.3,0.25,0.75,wt_sds_11,11,5,7960,8843.2,10153,814.05
GA,C02,0.3,0.25,0.75,wt_sds_12,12,5,0,20.8,89,38.67
GA,C02,0.3,0.25,0.75,wt_sds_13,13,5,8838,10134.0,10998,1183.08
GA,C02,0.3,0.25,0.75,wt_sds_14,14,5,8461,9427.4,10078,619.53
GA,C02,0.3,0.25,0.75,wt_sds_15,15,5,4440,5130.8,5980,549.25
GA,C03,0.3,0.75,0.25,wt_sds_21,21,5,0,0.0,0,0.0
GA,C03,0.3,0.75,0.25,wt_sds_22,22,5,0,0.0,0,0.0
GA,C03,0.3,0.75,0.25,wt_sds_23,23,5,0,0.0,0,0.0
GA,C03,0.3,0.75,0.25,wt_sds_24,24,5,2664,2699.0,2758,37.16
GA,C03,0.3,0.75,0.25,wt_sds_25,25,5,163,208.4,245,33.52
GA,C04,0.3,0.75,0.75,wt_sds_31,31,5,0,0.0,0,0.0
GA,C04,0.3,0.75,0.75,wt_sds_32,32,5,0,6.6,33,14.76
GA,C04,0.3,0.75,0.75,wt_sds_33,33,5,0,0.0,0,0.0
GA,C04,0.3,0.75,0.75,wt_sds_34,34,5,0,0.0,0,0.0
GA,C04,0.3,0.75,0.75,wt_sds_35,35,5,0,0.0,0,0.0
GA,C05,0.9,0.25,0.25,wt_sds_81,81,5,402162,403851.6,404274,944.52
GA,C05,0.9,0.25,0.25,wt_sds_82,82,5,426016,427412.0,428119,822.11
GA,C05,0.9,0.25,0.25,wt_sds_83,83,5,480079,480085.0,480089,5.48
GA,C05,0.9,0.25,0.25,wt_sds_84,84,5,337048,337054.0,337063,8.22
GA,C05,0.9,0.25,0.25,wt_sds_85,85,5,573185,573777.2,574280,552.14
GA,C06,0.9,0.25,0.75,wt_sds_91,91,5,355817,356181.0,356272,203.48
GA,C06,0.9,0.25,0.75,wt_sds_92,92,5,390569,390574.2,390582,7.12
GA,C06,0.9,0.25,0.75,wt_sds_93,93,5,431927,431927.0,431927,0.0
GA,C06,0.9,0.25,0.75,wt_sds_94,94,5,357213,357289.2,357559,151.58
GA,C06,0.9,0.25,0.75,wt_sds_95,95,5,567473,567734.0,568092,327.95
GA,C07,0.9,0.75,0.25,wt_sds_101,101,5,360192,360392.8,360577,174.8
GA,C07,0.9,0.75,0.25,wt_sds_102,102,5,498856,498856.0,498856,0.0
GA,C07,0.9,0.75,0.25,wt_sds_103,103,5,394448,395155.6,396213,863.91
GA,C07,0.9,0.75,0.25,wt_sds_104,104,5,368158,368538.4,368851,247.4
GA,C07,0.9,0.75,0.25,wt_sds_105,105,5,464865,464973.0,465045,98.59
GA,C08,0.9,0.75,0.75,wt_sds_111,111,5,364877,364896.6,364969,40.56
GA,C08,0.9,0.75,0.75,wt_sds_112,112,5,393380,393599.2,393678,123.32
GA,C08,0.9,0.75,0.75,wt_sds_113,113,5,267195,267326.8,267563,182.52
GA,C08,0.9,0.75,0.75,wt_sds_114,114,5,494848,494855.8,494861,7.12
GA,C08,0.9,0.75,0.75,wt_sds_115,115,5,486007,487906.2,488381,1061.69
GVNS,C01,0.3,0.25,0.25,wt_sds_1,1,5,762,790.2,810,20.28
GVNS,C01,0.3,0.25,0.25,wt_sds_2,2,5,5397,5610.0,5847,178.56
GVNS,C01,0.3,0.25,0.25,wt_sds_3,3,5,1817,1934.0,2074,122.32
GVNS,C01,0.3,0.25,0.25,wt_sds_4,4,5,6690,7044.2,7369,260.78
GVNS,C01,0.3,0.25,0.25,wt_sds_5,5,5,4909,5026.0,5152,88.87
GVNS,C02,0.3,0.25,0.75,wt_sds_11,11,5,4527,4982.2,5199,268.87
GVNS,C02,0.3,0.25,0.75,wt_sds_12,12,5,0,0.0,0,0.0
GVNS,C02,0.3,0.25,0.75,wt_sds_13,13,5,5611,6127.4,6546,404.32
GVNS,C02,0.3,0.25,0.75,wt_sds_14,14,5,3446,3804.2,4353,349.17
GVNS,C02,0.3,0.25,0.75,wt_sds_15,15,5,1636,2356.2,3009,590.95
GVNS,C03,0.3,0.75,0.25,wt_sds_21,21,5,0,0.0,0,0.0
GVNS,C03,0.3,0.75,0.25,wt_sds_22,22,5,0,0.0,0,0.0
GVNS,C03,0.3,0.75,0.25,wt_sds_23,23,5,0,0.0,0,0.0
GVNS,C03,0.3,0.75,0.25,wt_sds_24,24,5,1103,1112.8,1119,6.72
GVNS,C03,0.3,0.75,0.25,wt_sds_25,25,5,0,0.0,0,0.0
GVNS,C04,0.3,0.75,0.75,wt_sds_31,31,5,0,0.0,0,0.0
GVNS,C04,0.3,0.75,0.75,wt_sds_32,32,5,0,0.0,0,0.0
GVNS,C04,0.3,0.75,0.75,wt_sds_33,33,5,0,0.0,0,0.0
GVNS,C04,0.3,0.75,0.75,wt_sds_34,34,5,0,0.0,0,0.0
GVNS,C04,0.3,0.75,0.75,wt_sds_35,35,5,0,0.0,0,0.0
GVNS,C05,0.9,0.25,0.25,wt_sds_81,81,5,390086,390439.0,390941,329.71
GVNS,C05,0.9,0.25,0.25,wt_sds_82,82,5,412949,414729.4,416321,1311.65
GVNS,C05,0.9,0.25,0.25,wt_sds_83,83,5,466707,468523.4,469741,1155.37
GVNS,C05,0.9,0.25,0.25,wt_sds_84,84,5,330762,331387.4,331690,368.68
GVNS,C05,0.9,0.25,0.25,wt_sds_85,85,5,558173,561309.6,562919,1928.69
GVNS,C06,0.9,0.25,0.75,wt_sds_91,91,5,345222,347788.6,350524,2365.96
GVNS,C06,0.9,0.25,0.75,wt_sds_92,92,5,366480,370148.0,373561,2658.27
GVNS,C06,0.9,0.25,0.75,wt_sds_93,93,5,410803,419020.2,424911,5759.64
GVNS,C06,0.9,0.25,0.75,wt_sds_94,94,5,348190,350019.0,352563,1694.21
GVNS,C06,0.9,0.25,0.75,wt_sds_95,95,5,527551,534241.6,543449,7738.0
GVNS,C07,0.9,0.75,0.25,wt_sds_101,101,5,354420,355775.2,356825,1000.05
GVNS,C07,0.9,0.75,0.25,wt_sds_102,102,5,496246,496825.0,498149,754.55
GVNS,C07,0.9,0.75,0.25,wt_sds_103,103,5,379238,381951.6,384320,2449.08
GVNS,C07,0.9,0.75,0.25,wt_sds_104,104,5,360238,361585.8,363314,1442.76
GVNS,C07,0.9,0.75,0.25,wt_sds_105,105,5,451431,453960.6,455942,1737.29
GVNS,C08,0.9,0.75,0.75,wt_sds_111,111,5,345668,348961.8,352316,2587.47
GVNS,C08,0.9,0.75,0.75,wt_sds_112,112,5,374236,377121.8,382264,3120.02
GVNS,C08,0.9,0.75,0.75,wt_sds_113,113,5,260872,263460.6,264752,1563.32
GVNS,C08,0.9,0.75,0.75,wt_sds_114,114,5,473290,475410.2,477652,1835.56
GVNS,C08,0.9,0.75,0.75,wt_sds_115,115,5,473178,475741.4,478868,2803.97
SA,C01,0.3,0.25,0.25,wt_sds_1,1,5,847,891.8,946,42.87
SA,C01,0.3,0.25,0.25,wt_sds_2,2,5,5802,6142.0,7037,505.51
SA,C01,0.3,0.25,0.25,wt_sds_3,3,5,2168,2291.4,2433,96.43
SA,C01,0.3,0.25,0.25,wt_sds_4,4,5,7085,7679.0,8051,409.72
SA,C01,0.3,0.25,0.25,wt_sds_5,5,5,5314,5483.2,5851,224.32
SA,C02,0.3,0.25,0.75,wt_sds_11,11,5,5829,7071.2,8692,1061.19
SA,C02,0.3,0.25,0.75,wt_sds_12,12,5,0,0.0,0,0.0
SA,C02,0.3,0.25,0.75,wt_sds_13,13,5,7574,8299.8,8929,510.9
SA,C02,0.3,0.25,0.75,wt_sds_14,14,5,4081,4958.4,5813,675.05
SA,C02,0.3,0.25,0.75,wt_sds_15,15,5,2137,3365.0,4331,865.03
SA,C03,0.3,0.75,0.25,wt_sds_21,21,5,0,0.0,0,0.0
SA,C03,0.3,0.75,0.25,wt_sds_22,22,5,0,0.0,0,0.0
SA,C03,0.3,0.75,0.25,wt_sds_23,23,5,0,0.0,0,0.0
SA,C03,0.3,0.75,0.25,wt_sds_24,24,5,1283,1406.6,1503,88.17
SA,C03,0.3,0.75,0.25,wt_sds_25,25,5,0,0.0,0,0.0
SA,C04,0.3,0.75,0.75,wt_sds_31,31,5,0,0.0,0,0.0
SA,C04,0.3,0.75,0.75,wt_sds_32,32,5,0,0.0,0,0.0
SA,C04,0.3,0.75,0.75,wt_sds_33,33,5,0,0.0,0,0.0
SA,C04,0.3,0.75,0.75,wt_sds_34,34,5,0,0.0,0,0.0
SA,C04,0.3,0.75,0.75,wt_sds_35,35,5,0,0.0,0,0.0
SA,C05,0.9,0.25,0.25,wt_sds_81,81,5,386891,389885.2,391826,1868.3
SA,C05,0.9,0.25,0.25,wt_sds_82,82,5,416221,418232.8,421448,2561.24
SA,C05,0.9,0.25,0.25,wt_sds_83,83,5,463573,469276.8,474922,4367.74
SA,C05,0.9,0.25,0.25,wt_sds_84,84,5,331744,335293.4,339160,3274.0
SA,C05,0.9,0.25,0.25,wt_sds_85,85,5,561348,562926.0,564507,1214.77
SA,C06,0.9,0.25,0.75,wt_sds_91,91,5,356272,356272.0,356272,0.0
SA,C06,0.9,0.25,0.75,wt_sds_92,92,5,373207,378095.8,381791,3931.88
SA,C06,0.9,0.25,0.75,wt_sds_93,93,5,421799,426789.0,431927,4325.97
SA,C06,0.9,0.25,0.75,wt_sds_94,94,5,339624,351775.0,357568,7406.17
SA,C06,0.9,0.25,0.75,wt_sds_95,95,5,536696,545520.8,554560,7390.48
SA,C07,0.9,0.75,0.25,wt_sds_101,101,5,357792,359174.4,360008,1024.06
SA,C07,0.9,0.75,0.25,wt_sds_102,102,5,498552,498892.8,498978,190.51
SA,C07,0.9,0.75,0.25,wt_sds_103,103,5,384068,386194.6,390581,2593.11
SA,C07,0.9,0.75,0.25,wt_sds_104,104,5,359927,363219.4,365853,2174.35
SA,C07,0.9,0.75,0.25,wt_sds_105,105,5,457114,459545.6,464661,3013.98
SA,C08,0.9,0.75,0.75,wt_sds_111,111,5,351958,359971.8,365649,4994.13
SA,C08,0.9,0.75,0.75,wt_sds_112,112,5,378611,383552.0,387725,3521.92
SA,C08,0.9,0.75,0.75,wt_sds_113,113,5,267347,268653.4,269459,1105.29
SA,C08,0.9,0.75,0.75,wt_sds_114,114,5,490301,492843.0,494861,1983.23
SA,C08,0.9,0.75,0.75,wt_sds_115,115,5,475991,481738.8,493200,6750.39
TS,C01,0.3,0.25,0.25,wt_sds_1,1,5,906,995.4,1046,56.41
TS,C01,0.3,0.25,0.25,wt_sds_2,2,5,6127,6450.8,6798,276.13
TS,C01,0.3,0.25,0.25,wt_sds_3,3,5,2426,2497.0,2554,53.26
TS,C01,0.3,0.25,0.25,wt_sds_4,4,5,8766,9189.0,9407,260.99
TS,C01,0.3,0.25,0.25,wt_sds_5,5,5,5614,5727.4,5890,133.53
TS,C02,0.3,0.25,0.75,wt_sds_11,11,5,6202,6641.2,7580,572.98
TS,C02,0.3,0.25,0.75,wt_sds_12,12,5,0,0.0,0,0.0
TS,C02,0.3,0.25,0.75,wt_sds_13,13,5,9931,9931.0,9931,0.0
TS,C02,0.3,0.25,0.75,wt_sds_14,14,5,5017,5756.2,6598,593.45
TS,C02,0.3,0.25,0.75,wt_sds_15,15,5,4032,4446.8,4721,335.17
TS,C03,0.3,0.75,0.25,wt_sds_21,21,5,0,0.0,0,0.0
TS,C03,0.3,0.75,0.25,wt_sds_22,22,5,0,0.0,0,0.0
TS,C03,0.3,0.75,0.25,wt_sds_23,23,5,0,0.0,0,0.0
TS,C03,0.3,0.75,0.25,wt_sds_24,24,5,1655,1838.4,2016,162.17
TS,C03,0.3,0.75,0.25,wt_sds_25,25,5,0,0.0,0,0.0
TS,C04,0.3,0.75,0.75,wt_sds_31,31,5,0,0.0,0,0.0
TS,C04,0.3,0.75,0.75,wt_sds_32,32,5,0,0.0,0,0.0
TS,C04,0.3,0.75,0.75,wt_sds_33,33,5,0,0.0,0,0.0
TS,C04,0.3,0.75,0.75,wt_sds_34,34,5,0,0.0,0,0.0
TS,C04,0.3,0.75,0.75,wt_sds_35,35,5,0,0.0,0,0.0
TS,C05,0.9,0.25,0.25,wt_sds_81,81,5,403902,404037.6,404073,75.82
TS,C05,0.9,0.25,0.25,wt_sds_82,82,5,424667,425586.0,426218,666.54
TS,C05,0.9,0.25,0.25,wt_sds_83,83,5,479798,479826.4,479912,48.36
TS,C05,0.9,0.25,0.25,wt_sds_84,84,5,340580,340583.2,340595,6.61
TS,C05,0.9,0.25,0.25,wt_sds_85,85,5,573196,573219.2,573291,40.71
TS,C06,0.9,0.25,0.75,wt_sds_91,91,5,355729,355762.2,355812,45.46
TS,C06,0.9,0.25,0.75,wt_sds_92,92,5,390511,390567.8,390582,31.75
TS,C06,0.9,0.25,0.75,wt_sds_93,93,5,429961,430927.2,431586,752.23
TS,C06,0.9,0.25,0.75,wt_sds_94,94,5,357069,357314.2,357538,212.59
TS,C06,0.9,0.25,0.75,wt_sds_95,95,5,566207,566946.2,567402,442.65
TS,C07,0.9,0.75,0.25,wt_sds_101,101,5,359366,360044.2,360539,472.29
TS,C07,0.9,0.75,0.25,wt_sds_102,102,5,498584,498746.2,498818,99.5
TS,C07,0.9,0.75,0.25,wt_sds_103,103,5,394448,394507.6,394634,76.01
TS,C07,0.9,0.75,0.25,wt_sds_104,104,5,367818,368110.4,368455,228.09
TS,C07,0.9,0.75,0.25,wt_sds_105,105,5,464804,464870.0,464969,90.37
TS,C08,0.9,0.75,0.75,wt_sds_111,111,5,364475,364596.6,364737,116.8
TS,C08,0.9,0.75,0.75,wt_sds_112,112,5,396497,396928.8,397509,364.52
TS,C08,0.9,0.75,0.75,wt_sds_113,113,5,267486,267532.2,267563,42.17
TS,C08,0.9,0.75,0.75,wt_sds_114,114,5,494849,494858.6,494861,5.37
TS,C08,0.9,0.75,0.75,wt_sds_115,115,5,492796,492904.8,493059,124.6
