algorithm,class_id,tau,R,eta,instance,instance_no,mean_best_twt,mean_improvement_vs_ATCS,n_seeds
DDE,C01,0.3,0.25,0.25,wt_sds_1,1,2220.4,9.074529073999999,5
DDE,C01,0.3,0.25,0.25,wt_sds_2,2,8597.4,34.315837728000005,5
DDE,C01,0.3,0.25,0.25,wt_sds_3,3,4636.2,8.248565207999999,5
DDE,C01,0.3,0.25,0.25,wt_sds_4,4,11438.6,29.194676570000002,5
DDE,C01,0.3,0.25,0.25,wt_sds_5,5,7644.4,24.51466377,5
DDE,C02,0.3,0.25,0.75,wt_sds_11,11,10619.2,36.684951108,5
DDE,C02,0.3,0.25,0.75,wt_sds_12,12,224.6,70.093209056,5
DDE,C02,0.3,0.25,0.75,wt_sds_13,13,11113.6,3.8283142940000006,5
DDE,C02,0.3,0.25,0.75,wt_sds_14,14,8170.2,46.6244202,5
DDE,C02,0.3,0.25,0.75,wt_sds_15,15,6367.8,15.903328048,5
DDE,C03,0.3,0.75,0.25,wt_sds_21,21,850.8,77.226980728,5
DDE,C03,0.3,0.75,0.25,wt_sds_22,22,1241.8,6.279245284,5
DDE,C03,0.3,0.75,0.25,wt_sds_23,23,0.0,0.0,5
DDE,C03,0.3,0.75,0.25,wt_sds_24,24,4186.8,14.046397046000001,5
DDE,C03,0.3,0.75,0.25,wt_sds_25,25,2586.0,4.080118694,5
DDE,C04,0.3,0.75,0.75,wt_sds_31,31,99.2,58.143459914000005,5
DDE,C04,0.3,0.75,0.75,wt_sds_32,32,542.4,65.993730408,5
DDE,C04,0.3,0.75,0.75,wt_sds_33,33,457.6,15.415896487999998,5
DDE,C04,0.3,0.75,0.75,wt_sds_34,34,0.0,0.0,5
DDE,C04,0.3,0.75,0.75,wt_sds_35,35,0.0,0.0,5
DDE,C05,0.9,0.25,0.25,wt_sds_81,81,404169.2,0.048915957999999995,5
DDE,C05,0.9,0.25,0.25,wt_sds_82,82,426171.4,0.66328374,5
DDE,C05,0.9,0.25,0.25,wt_sds_83,83,479877.6,0.046948258,5
DDE,C05,0.9,0.25,0.25,wt_sds_84,84,340739.0,0.067747894,5
DDE,C05,0.9,0.25,0.25,wt_sds_85,85,574175.2,0.100182514,5
DDE,C06,0.9,0.25,0.75,wt_sds_91,91,355578.2,0.19473885200000002,5
DDE,C06,0.9,0.25,0.75,wt_sds_92,92,390457.6,0.031849906,5
DDE,C06,0.9,0.25,0.75,wt_sds_93,93,431654.2,0.063158824,5
DDE,C06,0.9,0.25,0.75,wt_sds_94,94,356999.2,0.201777362,5
DDE,C06,0.9,0.25,0.75,wt_sds_95,95,566946.2,0.50189012,5
DDE,C07,0.9,0.75,0.25,wt_sds_101,101,361777.6,0.30241819,5
DDE,C07,0.9,0.75,0.25,wt_sds_102,102,498759.8,0.043729385999999995,5
DDE,C07,0.9,0.75,0.25,wt_sds_103,103,398473.6,0.37587161399999997,5
DDE,C07,0.9,0.75,0.25,wt_sds_104,104,369120.6,0.305844922,5
DDE,C07,0.9,0.75,0.25,wt_sds_105,105,464857.4,0.043349336,5
DDE,C08,0.9,0.75,0.75,wt_sds_111,111,364910.6,0.20194230000000002,5
DDE,C08,0.9,0.75,0.75,wt_sds_112,112,401307.2,0.397558754,5
DDE,C08,0.9,0.75,0.75,wt_sds_113,113,267052.6,0.8930486639999999,5
DDE,C08,0.9,0.75,0.75,wt_sds_114,114,494642.4,0.04417402,5
DDE,C08,0.9,0.75,0.75,wt_sds_115,115,493163.0,0.007502026,5
DPSO,C01,0.3,0.25,0.25,wt_sds_1,1,1657.8,32.113022111999996,5
DPSO,C01,0.3,0.25,0.25,wt_sds_2,2,8326.2,36.387806556,5
DPSO,C01,0.3,0.25,0.25,wt_sds_3,3,3475.4,31.221056796,5
DPSO,C01,0.3,0.25,0.25,wt_sds_4,4,10271.6,36.418446302,5
DPSO,C01,0.3,0.25,0.25,wt_sds_5,5,7429.2,26.63967611,5
DPSO,C02,0.3,0.25,0.75,wt_sds_11,11,10370.4,38.168375864,5
DPSO,C02,0.3,0.25,0.75,wt_sds_12,12,37.0,95.073235686,5
DPSO,C02,0.3,0.25,0.75,wt_sds_13,13,10936.2,5.363447562,5
DPSO,C02,0.3,0.25,0.75,wt_sds_14,14,8017.4,47.622656302,5
DPSO,C02,0.3,0.25,0.75,wt_sds_15,15,5911.6,21.928156364,5
DPSO,C03,0.3,0.75,0.25,wt_sds_21,21,59.4,98.41006424,5
DPSO,C03,0.3,0.75,0.25,wt_sds_22,22,15.8,98.80754716999999,5
DPSO,C03,0.3,0.75,0.25,wt_sds_23,23,0.0,0.0,5
DPSO,C03,0.3,0.75,0.25,wt_sds_24,24,3208.2,34.13672757,5
DPSO,C03,0.3,0.75,0.25,wt_sds_25,25,507.0,81.19436201799999,5
DPSO,C04,0.3,0.75,0.75,wt_sds_31,31,0.0,100.0,5
DPSO,C04,0.3,0.75,0.75,wt_sds_32,32,66.0,95.862068964,5
DPSO,C04,0.3,0.75,0.75,wt_sds_33,33,0.0,100.0,5
DPSO,C04,0.3,0.75,0.75,wt_sds_34,34,0.0,0.0,5
DPSO,C04,0.3,0.75,0.75,wt_sds_35,35,0.0,0.0,5
DPSO,C05,0.9,0.25,0.25,wt_sds_81,81,404274.0,0.02299891,5
DPSO,C05,0.9,0.25,0.25,wt_sds_82,82,427193.0,0.42515797600000005,5
DPSO,C05,0.9,0.25,0.25,wt_sds_83,83,480088.4,0.003041014,5
DPSO,C05,0.9,0.25,0.25,wt_sds_84,84,340596.0,0.10968707,5
DPSO,C05,0.9,0.25,0.25,wt_sds_85,85,574307.8,0.077111654,5
DPSO,C06,0.9,0.25,0.75,wt_sds_91,91,356257.8,0.003985718,5
DPSO,C06,0.9,0.25,0.75,wt_sds_92,92,390582.0,0.0,5
DPSO,C06,0.9,0.25,0.75,wt_sds_93,93,431927.0,0.0,5
DPSO,C06,0.9,0.25,0.75,wt_sds_94,94,357282.2,0.122665426,5
DPSO,C06,0.9,0.25,0.75,wt_sds_95,95,567904.0,0.33379781999999997,5
DPSO,C07,0.9,0.75,0.25,wt_sds_101,101,360527.8,0.64683431,5
DPSO,C07,0.9,0.75,0.25,wt_sds_102,102,498856.0,0.02444998,5
DPSO,C07,0.9,0.75,0.25,wt_sds_103,103,395540.8,1.109113774,5
DPSO,C07,0.9,0.75,0.25,wt_sds_104,104,368851.0,0.37866,5
DPSO,C07,0.9,0.75,0.25,wt_sds_105,105,465045.0,0.00301037,5
DPSO,C08,0.9,0.75,0.75,wt_sds_111,111,365409.0,0.06563672,5
DPSO,C08,0.9,0.75,0.75,wt_sds_112,112,399276.2,0.9016428019999999,5
DPSO,C08,0.9,0.75,0.75,wt_sds_113,113,267516.8,0.720777558,5
DPSO,C08,0.9,0.75,0.75,wt_sds_114,114,494861.0,0.0,5
DPSO,C08,0.9,0.75,0.75,wt_sds_115,115,493189.0,0.00223033,5
GA,C01,0.3,0.25,0.25,wt_sds_1,1,1355.8,44.479934482,5
GA,C01,0.3,0.25,0.25,wt_sds_2,2,7854.2,39.993887998000005,5
GA,C01,0.3,0.25,0.25,wt_sds_3,3,2842.0,43.756184444,5
GA,C01,0.3,0.25,0.25,wt_sds_4,4,9259.2,42.68523677,5
GA,C01,0.3,0.25,0.25,wt_sds_5,5,6374.8,37.051446626,5
GA,C02,0.3,0.25,0.75,wt_sds_11,11,8843.2,47.274028142000006,5
GA,C02,0.3,0.25,0.75,wt_sds_12,12,20.8,97.230359522,5
GA,C02,0.3,0.25,0.75,wt_sds_13,13,10134.0,12.305295952,5
GA,C02,0.3,0.25,0.75,wt_sds_14,14,9427.4,38.411184428,5
GA,C02,0.3,0.25,0.75,wt_sds_15,15,5130.8,32.239830956000006,5
GA,C03,0.3,0.75,0.25,wt_sds_21,21,0.0,100.0,5
GA,C03,0.3,0.75,0.25,wt_sds_22,22,0.0,100.0,5
GA,C03,0.3,0.75,0.25,wt_sds_23,23,0.0,0.0,5
GA,C03,0.3,0.75,0.25,wt_sds_24,24,2699.0,44.590433174,5
GA,C03,0.3,0.75,0.25,wt_sds_25,25,208.4,92.27002967199999,5
GA,C04,0.3,0.75,0.75,wt_sds_31,31,0.0,100.0,5
GA,C04,0.3,0.75,0.75,wt_sds_32,32,6.6,99.586206896,5
GA,C04,0.3,0.75,0.75,wt_sds_33,33,0.0,100.0,5
GA,C04,0.3,0.75,0.75,wt_sds_34,34,0.0,0.0,5
GA,C04,0.3,0.75,0.75,wt_sds_35,35,0.0,0.0,5
GA,C05,0.9,0.25,0.25,wt_sds_81,81,403851.6,0.127458472,5
GA,C05,0.9,0.25,0.25,wt_sds_82,82,427412.0,0.37411105,5
GA,C05,0.9,0.25,0.25,wt_sds_83,83,480085.0,0.0037491960000000006,5
GA,C05,0.9,0.25,0.25,wt_sds_84,84,337054.0,1.1484881359999999,5
GA,C05,0.9,0.25,0.25,wt_sds_85,85,573777.2,0.16942989400000003,5
GA,C06,0.9,0.25,0.75,wt_sds_91,91,356181.0,0.025542282,5
GA,C06,0.9,0.25,0.75,wt_sds_92,92,390574.2,0.001997022,5
GA,C06,0.9,0.25,0.75,wt_sds_93,93,431927.0,0.0,5
GA,C06,0.9,0.25,0.75,wt_sds_94,94,357289.2,0.120708594,5
GA,C06,0.9,0.25,0.75,wt_sds_95,95,567734.0,0.363632534,5
GA,C07,0.9,0.75,0.25,wt_sds_101,101,360392.8,0.6840372020000001,5
GA,C07,0.9,0.75,0.25,wt_sds_102,102,498856.0,0.02444998,5
GA,C07,0.9,0.75,0.25,wt_sds_103,103,395155.6,1.205419312,5
GA,C07,0.9,0.75,0.25,wt_sds_104,104,368538.4,0.463088752,5
GA,C07,0.9,0.75,0.25,wt_sds_105,105,464973.0,0.018492277999999997,5
GA,C08,0.9,0.75,0.75,wt_sds_111,111,364896.6,0.20577110799999998,5
GA,C08,0.9,0.75,0.75,wt_sds_112,112,393599.2,2.310645826,5
GA,C08,0.9,0.75,0.75,wt_sds_113,113,267326.8,0.7912892100000001,5
GA,C08,0.9,0.75,0.75,wt_sds_114,114,494855.8,0.0010508,5
GA,C08,0.9,0.75,0.75,wt_sds_115,115,487906.2,1.0733576619999998,5
GVNS,C01,0.3,0.25,0.25,wt_sds_1,1,790.2,67.641277642,5
GVNS,C01,0.3,0.25,0.25,wt_sds_2,2,5610.0,57.139582858,5
GVNS,C01,0.3,0.25,0.25,wt_sds_3,3,1934.0,61.7257075,5
GVNS,C01,0.3,0.25,0.25,wt_sds_4,4,7044.2,56.396162178,5
GVNS,C01,0.3,0.25,0.25,wt_sds_5,5,5026.0,50.370297226000005,5
GVNS,C02,0.3,0.25,0.75,wt_sds_11,11,4982.2,70.294538516,5
GVNS,C02,0.3,0.25,0.75,wt_sds_12,12,0.0,100.0,5
GVNS,C02,0.3,0.25,0.75,wt_sds_13,13,6127.4,46.976462446,5
GVNS,C02,0.3,0.25,0.75,wt_sds_14,14,3804.2,75.147318218,5
GVNS,C02,0.3,0.25,0.75,wt_sds_15,15,2356.2,68.882725832,5
GVNS,C03,0.3,0.75,0.25,wt_sds_21,21,0.0,100.0,5
GVNS,C03,0.3,0.75,0.25,wt_sds_22,22,0.0,100.0,5
GVNS,C03,0.3,0.75,0.25,wt_sds_23,23,0.0,0.0,5
GVNS,C03,0.3,0.75,0.25,wt_sds_24,24,1112.8,77.154588378,5
GVNS,C03,0.3,0.75,0.25,wt_sds_25,25,0.0,100.0,5
GVNS,C04,0.3,0.75,0.75,wt_sds_31,31,0.0,100.0,5
GVNS,C04,0.3,0.75,0.75,wt_sds_32,32,0.0,100.0,5
GVNS,C04,0.3,0.75,0.75,wt_sds_33,33,0.0,100.0,5
GVNS,C04,0.3,0.75,0.75,wt_sds_34,34,0.0,0.0,5
GVNS,C04,0.3,0.75,0.75,wt_sds_35,35,0.0,0.0,5
GVNS,C05,0.9,0.25,0.25,wt_sds_81,81,390439.0,3.4443958080000003,5
GVNS,C05,0.9,0.25,0.25,wt_sds_82,82,414729.4,3.33031092,5
GVNS,C05,0.9,0.25,0.25,wt_sds_83,83,468523.4,2.4118991139999997,5
GVNS,C05,0.9,0.25,0.25,wt_sds_84,84,331387.4,2.810393876,5
GVNS,C05,0.9,0.25,0.25,wt_sds_85,85,561309.6,2.33864752,5
GVNS,C06,0.9,0.25,0.75,wt_sds_91,91,347788.6,2.381158216,5
GVNS,C06,0.9,0.25,0.75,wt_sds_92,92,370148.0,5.231679902,5
GVNS,C06,0.9,0.25,0.75,wt_sds_93,93,419020.2,2.988190132,5
GVNS,C06,0.9,0.25,0.75,wt_sds_94,94,350019.0,2.1530746020000002,5
GVNS,C06,0.9,0.25,0.75,wt_sds_95,95,534241.6,6.24149272,5
GVNS,C07,0.9,0.75,0.25,wt_sds_101,101,355775.2,1.9565415099999999,5
GVNS,C07,0.9,0.75,0.25,wt_sds_102,102,496825.0,0.43148195000000006,5
GVNS,C07,0.9,0.75,0.25,wt_sds_103,103,381951.6,4.506609129999999,5
GVNS,C07,0.9,0.75,0.25,wt_sds_104,104,361585.8,2.3408858280000002,5
GVNS,C07,0.9,0.75,0.25,wt_sds_105,105,453960.6,2.386449892,5
GVNS,C08,0.9,0.75,0.75,wt_sds_111,111,348961.8,4.563720946,5
GVNS,C08,0.9,0.75,0.75,wt_sds_112,112,377121.8,6.400254152,5
GVNS,C08,0.9,0.75,0.75,wt_sds_113,113,263460.6,2.226090054,5
GVNS,C08,0.9,0.75,0.75,wt_sds_114,114,475410.2,3.9305582799999996,5
GVNS,C08,0.9,0.75,0.75,wt_sds_115,115,475741.4,3.539862126,5
SA,C01,0.3,0.25,0.25,wt_sds_1,1,891.8,63.48075348,5
SA,C01,0.3,0.25,0.25,wt_sds_2,2,6142.0,53.075101227999994,5
SA,C01,0.3,0.25,0.25,wt_sds_3,3,2291.4,54.652681574,5
SA,C01,0.3,0.25,0.25,wt_sds_4,4,7679.0,52.46672856600001,5
SA,C01,0.3,0.25,0.25,wt_sds_5,5,5483.2,45.855633456,5
SA,C02,0.3,0.25,0.75,wt_sds_11,11,7071.2,57.839255904000005,5
SA,C02,0.3,0.25,0.75,wt_sds_12,12,0.0,100.0,5
SA,C02,0.3,0.25,0.75,wt_sds_13,13,8299.8,28.177570093999996,5
SA,C02,0.3,0.25,0.75,wt_sds_14,14,4958.4,67.6069772,5
SA,C02,0.3,0.25,0.75,wt_sds_15,15,3365.0,55.559957741999995,5
SA,C03,0.3,0.75,0.25,wt_sds_21,21,0.0,100.0,5
SA,C03,0.3,0.75,0.25,wt_sds_22,22,0.0,100.0,5
SA,C03,0.3,0.75,0.25,wt_sds_23,23,0.0,0.0,5
SA,C03,0.3,0.75,0.25,wt_sds_24,24,1406.6,71.122972696,5
SA,C03,0.3,0.75,0.25,wt_sds_25,25,0.0,100.0,5
SA,C04,0.3,0.75,0.75,wt_sds_31,31,0.0,100.0,5
SA,C04,0.3,0.75,0.75,wt_sds_32,32,0.0,100.0,5
SA,C04,0.3,0.75,0.75,wt_sds_33,33,0.0,100.0,5
SA,C04,0.3,0.75,0.75,wt_sds_34,34,0.0,0.0,5
SA,C04,0.3,0.75,0.75,wt_sds_35,35,0.0,0.0,5
SA,C05,0.9,0.25,0.25,wt_sds_81,81,389885.2,3.581350606,5
SA,C05,0.9,0.25,0.25,wt_sds_82,82,418232.8,2.513699922,5
SA,C05,0.9,0.25,0.25,wt_sds_83,83,469276.8,2.254974454,5
SA,C05,0.9,0.25,0.25,wt_sds_84,84,335293.4,1.664838548,5
SA,C05,0.9,0.25,0.25,wt_sds_85,85,562926.0,2.0574126880000003,5
SA,C06,0.9,0.25,0.75,wt_sds_91,91,356272.0,0.0,5
SA,C06,0.9,0.25,0.75,wt_sds_92,92,378095.8,3.196819106,5
SA,C06,0.9,0.25,0.75,wt_sds_93,93,426789.0,1.189552864,5
SA,C06,0.9,0.25,0.75,wt_sds_94,94,351775.0,1.662189248,5
SA,C06,0.9,0.25,0.75,wt_sds_95,95,545520.8,4.262011984,5
SA,C07,0.9,0.75,0.25,wt_sds_101,101,359174.4,1.019800208,5
SA,C07,0.9,0.75,0.25,wt_sds_102,102,498892.8,0.017074902,5
SA,C07,0.9,0.75,0.25,wt_sds_103,103,386194.6,3.4457981340000003,5
SA,C07,0.9,0.75,0.25,wt_sds_104,104,363219.4,1.8996740060000001,5
SA,C07,0.9,0.75,0.25,wt_sds_105,105,459545.6,1.1855269979999998,5
SA,C08,0.9,0.75,0.75,wt_sds_111,111,359971.8,1.5526365439999998,5
SA,C08,0.9,0.75,0.75,wt_sds_112,112,383552.0,4.804310650000001,5
SA,C08,0.9,0.75,0.75,wt_sds_113,113,268653.4,0.298969416,5
SA,C08,0.9,0.75,0.75,wt_sds_114,114,492843.0,0.40779128,5
SA,C08,0.9,0.75,0.75,wt_sds_115,115,481738.8,2.323844282,5
TS,C01,0.3,0.25,0.25,wt_sds_1,1,995.4,59.23832924,5
TS,C01,0.3,0.25,0.25,wt_sds_2,2,6450.8,50.715868288,5
TS,C01,0.3,0.25,0.25,wt_sds_3,3,2497.0,50.583811596,5
TS,C01,0.3,0.25,0.25,wt_sds_4,4,9189.0,43.11977716,5
TS,C01,0.3,0.25,0.25,wt_sds_5,5,5727.4,43.444257924,5
TS,C02,0.3,0.25,0.75,wt_sds_11,11,6641.2,60.403052706,5
TS,C02,0.3,0.25,0.75,wt_sds_12,12,0.0,100.0,5
TS,C02,0.3,0.25,0.75,wt_sds_13,13,9931.0,14.06195916,5
TS,C02,0.3,0.25,0.75,wt_sds_14,14,5756.2,62.394982688000006,5
TS,C02,0.3,0.25,0.75,wt_sds_15,15,4446.8,41.273111461999996,5
TS,C03,0.3,0.75,0.25,wt_sds_21,21,0.0,100.0,5
TS,C03,0.3,0.75,0.25,wt_sds_22,22,0.0,100.0,5
TS,C03,0.3,0.75,0.25,wt_sds_23,23,0.0,0.0,5
TS,C03,0.3,0.75,0.25,wt_sds_24,24,1838.4,62.25826319,5
TS,C03,0.3,0.75,0.25,wt_sds_25,25,0.0,100.0,5
TS,C04,0.3,0.75,0.75,wt_sds_31,31,0.0,100.0,5
TS,C04,0.3,0.75,0.75,wt_sds_32,32,0.0,100.0,5
TS,C04,0.3,0.75,0.75,wt_sds_33,33,0.0,100.0,5
TS,C04,0.3,0.75,0.75,wt_sds_34,34,0.0,0.0,5
TS,C04,0.3,0.75,0.75,wt_sds_35,35,0.0,0.0,5
TS,C05,0.9,0.25,0.25,wt_sds_81,81,404037.6,0.081460654,5
TS,C05,0.9,0.25,0.25,wt_sds_82,82,425586.0,0.799735206,5
TS,C05,0.9,0.25,0.25,wt_sds_83,83,479826.4,0.057612633999999996,5
TS,C05,0.9,0.25,0.25,wt_sds_84,84,340583.2,0.11344106200000001,5
TS,C05,0.9,0.25,0.25,wt_sds_85,85,573219.2,0.266515414,5
TS,C06,0.9,0.25,0.75,wt_sds_91,91,355762.2,0.14309291600000001,5
TS,C06,0.9,0.25,0.75,wt_sds_92,92,390567.8,0.0036356,5
TS,C06,0.9,0.25,0.75,wt_sds_93,93,430927.2,0.231474302,5
TS,C06,0.9,0.25,0.75,wt_sds_94,94,357314.2,0.11371991,5
TS,C06,0.9,0.25,0.75,wt_sds_95,95,566946.2,0.501890118,5
TS,C07,0.9,0.75,0.25,wt_sds_101,101,360044.2,0.780103342,5
TS,C07,0.9,0.75,0.25,wt_sds_102,102,498746.2,0.046454954,5
TS,C07,0.9,0.75,0.25,wt_sds_103,103,394507.6,1.3674286260000001,5
TS,C07,0.9,0.75,0.25,wt_sds_104,104,368110.4,0.578685386,5
TS,C07,0.9,0.75,0.25,wt_sds_105,105,464870.0,0.040640001999999995,5
TS,C08,0.9,0.75,0.75,wt_sds_111,111,364596.6,0.287817006,5
TS,C08,0.9,0.75,0.75,wt_sds_112,112,396928.8,1.48425575,5
TS,C08,0.9,0.75,0.75,wt_sds_113,113,267532.2,0.715062402,5
TS,C08,0.9,0.75,0.75,wt_sds_114,114,494858.6,0.00048498400000000004,5
TS,C08,0.9,0.75,0.75,wt_sds_115,115,492904.8,0.059854014,5
