comparator,factor,level,n_instances,mean_delta_pct,std_delta_pct,min_delta_pct,max_delta_pct
ACO,tau,0.3,20,-17.4336,25.254,-100.0,0.0
ACO,tau,0.9,20,-2.8117,1.2041,-4.99,-0.3806
DDE,tau,0.3,20,-60.896,35.749,-100.0,0.0
DDE,tau,0.9,20,-3.0609,1.4801,-6.0267,-0.3879
DPSO,tau,0.3,20,-48.3507,37.2232,-100.0,0.0
DPSO,tau,0.9,20,-3.0411,1.4381,-5.9275,-0.4071
GA,tau,0.3,20,-35.1506,35.0125,-100.0,0.0
GA,tau,0.9,20,-2.8383,1.3635,-5.8993,-0.4071
SA,tau,0.3,20,-9.1059,11.1505,-29.9792,0.0
SA,tau,0.9,20,-1.3377,0.9799,-3.5372,0.142
TS,tau,0.3,20,-13.7729,16.2434,-47.0136,0.0
TS,tau,0.9,20,-2.9089,1.3899,-5.7686,-0.3852
ACO,R,0.25,20,-10.7064,10.2036,-31.6672,0.0
ACO,R,0.75,20,-9.5388,25.4344,-100.0,0.0
DDE,R,0.25,20,-28.7988,29.5445,-100.0,-1.9552
DDE,R,0.75,20,-35.1582,46.3302,-100.0,0.0
DPSO,R,0.25,20,-26.6986,27.7953,-100.0,-2.0329
DPSO,R,0.75,20,-24.6931,41.1515,-100.0,0.0
GA,R,0.25,20,-23.765,26.5245,-100.0,-1.6812
GA,R,0.75,20,-14.2239,32.028,-100.0,0.0
SA,R,0.25,20,-8.6204,10.5588,-29.9792,0.142
SA,R,0.75,20,-1.8231,4.6096,-20.8872,0.0
TS,R,0.25,20,-13.3541,14.1328,-47.0136,0.0
TS,R,0.75,20,-3.3277,8.675,-39.4691,0.0
ACO,eta,0.25,20,-15.5105,25.5834,-100.0,0.0
ACO,eta,0.75,20,-4.7347,6.0098,-19.5397,0.0
DDE,eta,0.25,20,-31.3774,37.8147,-100.0,0.0
DDE,eta,0.75,20,-32.5796,40.1241,-100.0,0.0
DPSO,eta,0.25,20,-29.081,36.4311,-100.0,0.0
DPSO,eta,0.75,20,-22.3107,33.4184,-100.0,0.0
GA,eta,0.25,20,-16.3963,25.8843,-100.0,0.0
GA,eta,0.75,20,-21.5926,33.0612,-100.0,0.0
SA,eta,0.25,20,-3.9788,6.1205,-20.8872,0.142
SA,eta,0.75,20,-6.4647,10.7862,-29.9792,0.0
TS,eta,0.25,20,-7.6588,10.8531,-39.4691,0.0
TS,eta,0.75,20,-9.023,14.4614,-47.0136,0.0
