class_id,tau,R,eta,instance,instance_no,SA,GA,TS,ACO,DPSO,DDE,GVNS,EDD,ATCS,WSPT
C01,0.3,0.25,0.25,wt_sds_1,1,891.8,1355.8,995.4,1156.4,1657.8,2220.4,790.2,104827,2442,23807
C01,0.3,0.25,0.25,wt_sds_2,2,6142.0,7854.2,6450.8,6812.0,8326.2,8597.4,5610.0,195984,13089,42103
C01,0.3,0.25,0.25,wt_sds_3,3,2291.4,2842.0,2497.0,2701.8,3475.4,4636.2,1934.0,113189,5053,30375
C01,0.3,0.25,0.25,wt_sds_4,4,7679.0,9259.2,9189.0,9673.2,10271.6,11438.6,7044.2,119749,16155,51978
C01,0.3,0.25,0.25,wt_sds_5,5,5483.2,6374.8,5727.4,6076.2,7429.2,7644.4,5026.0,169069,10127,46386
C02,0.3,0.25,0.75,wt_sds_11,11,7071.2,8843.2,6641.2,5723.4,10370.4,10619.2,4982.2,380585,16772,170015
C02,0.3,0.25,0.75,wt_sds_12,12,0.0,20.8,0.0,0.0,37.0,224.6,0.0,415664,751,79079
C02,0.3,0.25,0.75,wt_sds_13,13,8299.8,10134.0,9931.0,7325.0,10936.2,11113.6,6127.4,553054,11556,144566
C02,0.3,0.25,0.75,wt_sds_14,14,4958.4,9427.4,5756.2,4437.0,8017.4,8170.2,3804.2,502481,15307,185296
C02,0.3,0.25,0.75,wt_sds_15,15,3365.0,5130.8,4446.8,2928.4,5911.6,6367.8,2356.2,398723,7572,100110
C03,0.3,0.75,0.25,wt_sds_21,21,0.0,0.0,0.0,0.0,59.4,850.8,0.0,69691,3736,42293
C03,0.3,0.75,0.25,wt_sds_22,22,0.0,0.0,0.0,0.0,15.8,1241.8,0.0,92346,1325,66604
C03,0.3,0.75,0.25,wt_sds_23,23,0.0,0.0,0.0,0.0,0.0,0.0,0.0,66271,0,66659
C03,0.3,0.75,0.25,wt_sds_24,24,1406.6,2699.0,1838.4,3038.6,3208.2,4186.8,1112.8,119610,4871,118330
C03,0.3,0.75,0.25,wt_sds_25,25,0.0,208.4,0.0,303.2,507.0,2586.0,0.0,51736,2696,78344
C04,0.3,0.75,0.75,wt_sds_31,31,0.0,0.0,0.0,0.0,0.0,99.2,0.0,197188,237,101990
C04,0.3,0.75,0.75,wt_sds_32,32,0.0,6.6,0.0,0.0,66.0,542.4,0.0,229018,1595,181212
C04,0.3,0.75,0.75,wt_sds_33,33,0.0,0.0,0.0,0.0,0.0,457.6,0.0,328971,541,132265
C04,0.3,0.75,0.75,wt_sds_34,34,0.0,0.0,0.0,0.0,0.0,0.0,0.0,246221,0,185775
C04,0.3,0.75,0.75,wt_sds_35,35,0.0,0.0,0.0,0.0,0.0,0.0,0.0,324360,0,246703
C05,0.9,0.25,0.25,wt_sds_81,81,389885.2,403851.6,404037.6,404320.2,404274.0,404169.2,390439.0,909913,404367,499886
C05,0.9,0.25,0.25,wt_sds_82,82,418232.8,427412.0,425586.0,428170.2,427193.0,426171.4,414729.4,971442,429017,569708
C05,0.9,0.25,0.25,wt_sds_83,83,469276.8,480085.0,479826.4,479699.4,480088.4,479877.6,468523.4,984951,480103,598254
C05,0.9,0.25,0.25,wt_sds_84,84,335293.4,337054.0,340583.2,340491.8,340596.0,340739.0,331387.4,821753,340970,429082
C05,0.9,0.25,0.25,wt_sds_85,85,562926.0,573777.2,573219.2,574657.8,574307.8,574175.2,561309.6,1047605,574751,725144
C06,0.9,0.25,0.75,wt_sds_91,91,356272.0,356181.0,355762.2,354748.4,356257.8,355578.2,347788.6,1439104,356272,607908
C06,0.9,0.25,0.75,wt_sds_92,92,378095.8,390574.2,390567.8,383236.4,390582.0,390457.6,370148.0,1497363,390582,692892
C06,0.9,0.25,0.75,wt_sds_93,93,426789.0,431927.0,430927.2,431723.0,431927.0,431654.2,419020.2,1387160,431927,759951
C06,0.9,0.25,0.75,wt_sds_94,94,351775.0,357289.2,357314.2,355805.4,357282.2,356999.2,350019.0,1260706,357721,563009
C06,0.9,0.25,0.75,wt_sds_95,95,545520.8,567734.0,566946.2,562300.2,567904.0,566946.2,534241.6,1756351,569806,991650
C07,0.9,0.75,0.25,wt_sds_101,101,359174.4,360392.8,360044.2,361439.8,360527.8,361777.6,355775.2,833953,362875,491176
C07,0.9,0.75,0.25,wt_sds_102,102,498892.8,498856.0,498746.2,498723.2,498856.0,498759.8,496825.0,989444,498978,635584
C07,0.9,0.75,0.25,wt_sds_103,103,386194.6,395155.6,394507.6,399587.6,395540.8,398473.6,381951.6,942604,399977,495574
C07,0.9,0.75,0.25,wt_sds_104,104,363219.4,368538.4,368110.4,369468.4,368851.0,369120.6,361585.8,863619,370253,471214
C07,0.9,0.75,0.25,wt_sds_105,105,459545.6,464973.0,464870.0,464392.4,465045.0,464857.4,453960.6,1123091,465059,601471
C08,0.9,0.75,0.75,wt_sds_111,111,359971.8,364896.6,364596.6,363937.0,365409.0,364910.6,348961.8,1287461,365649,720998
C08,0.9,0.75,0.75,wt_sds_112,112,383552.0,393599.2,396928.8,395770.6,399276.2,401307.2,377121.8,1407822,402909,734173
C08,0.9,0.75,0.75,wt_sds_113,113,268653.4,267326.8,267532.2,266602.8,267516.8,267052.6,263460.6,1206702,269459,565994
C08,0.9,0.75,0.75,wt_sds_114,114,492843.0,494855.8,494858.6,491688.2,494861.0,494642.4,475410.2,1397842,494861,868356
C08,0.9,0.75,0.75,wt_sds_115,115,481738.8,487906.2,492904.8,492186.6,493189.0,493163.0,475741.4,1644125,493200,781489
