algorithm,class_id,instance,n_seeds
DDE,C01,wt_sds_1,5
DDE,C01,wt_sds_2,5
DDE,C01,wt_sds_3,5
DDE,C01,wt_sds_4,5
DDE,C01,wt_sds_5,5
DDE,C02,wt_sds_11,5
DDE,C02,wt_sds_12,5
DDE,C02,wt_sds_13,5
DDE,C02,wt_sds_14,5
DDE,C02,wt_sds_15,5
DDE,C03,wt_sds_21,5
DDE,C03,wt_sds_22,5
DDE,C03,wt_sds_23,5
DDE,C03,wt_sds_24,5
DDE,C03,wt_sds_25,5
DDE,C04,wt_sds_31,5
DDE,C04,wt_sds_32,5
DDE,C04,wt_sds_33,5
DDE,C04,wt_sds_34,5
DDE,C04,wt_sds_35,5
DDE,C05,wt_sds_81,5
DDE,C05,wt_sds_82,5
DDE,C05,wt_sds_83,5
DDE,C05,wt_sds_84,5
DDE,C05,wt_sds_85,5
DDE,C06,wt_sds_91,5
DDE,C06,wt_sds_92,5
DDE,C06,wt_sds_93,5
DDE,C06,wt_sds_94,5
DDE,C06,wt_sds_95,5
DDE,C07,wt_sds_101,5
DDE,C07,wt_sds_102,5
DDE,C07,wt_sds_103,5
DDE,C07,wt_sds_104,5
DDE,C07,wt_sds_105,5
DDE,C08,wt_sds_111,5
DDE,C08,wt_sds_112,5
DDE,C08,wt_sds_113,5
DDE,C08,wt_sds_114,5
DDE,C08,wt_sds_115,5
DPSO,C01,wt_sds_1,5
DPSO,C01,wt_sds_2,5
DPSO,C01,wt_sds_3,5
DPSO,C01,wt_sds_4,5
DPSO,C01,wt_sds_5,5
DPSO,C02,wt_sds_11,5
DPSO,C02,wt_sds_12,5
DPSO,C02,wt_sds_13,5
DPSO,C02,wt_sds_14,5
DPSO,C02,wt_sds_15,5
DPSO,C03,wt_sds_21,5
DPSO,C03,wt_sds_22,5
DPSO,C03,wt_sds_23,5
DPSO,C03,wt_sds_24,5
DPSO,C03,wt_sds_25,5
DPSO,C04,wt_sds_31,5
DPSO,C04,wt_sds_32,5
DPSO,C04,wt_sds_33,5
DPSO,C04,wt_sds_34,5
DPSO,C04,wt_sds_35,5
DPSO,C05,wt_sds_81,5
DPSO,C05,wt_sds_82,5
DPSO,C05,wt_sds_83,5
DPSO,C05,wt_sds_84,5
DPSO,C05,wt_sds_85,5
DPSO,C06,wt_sds_91,5
DPSO,C06,wt_sds_92,5
DPSO,C06,wt_sds_93,5
DPSO,C06,wt_sds_94,5
DPSO,C06,wt_sds_95,5
DPSO,C07,wt_sds_101,5
DPSO,C07,wt_sds_102,5
DPSO,C07,wt_sds_103,5
DPSO,C07,wt_sds_104,5
DPSO,C07,wt_sds_105,5
DPSO,C08,wt_sds_111,5
DPSO,C08,wt_sds_112,5
DPSO,C08,wt_sds_113,5
DPSO,C08,wt_sds_114,5
DPSO,C08,wt_sds_115,5
GA,C01,wt_sds_1,5
GA,C01,wt_sds_2,5
GA,C01,wt_sds_3,5
GA,C01,wt_sds_4,5
GA,C01,wt_sds_5,5
GA,C02,wt_sds_11,5
GA,C02,wt_sds_12,5
GA,C02,wt_sds_13,5
GA,C02,wt_sds_14,5
GA,C02,wt_sds_15,5
GA,C03,wt_sds_21,5
GA,C03,wt_sds_22,5
GA,C03,wt_sds_23,5
GA,C03,wt_sds_24,5
GA,C03,wt_sds_25,5
GA,C04,wt_sds_31,5
GA,C04,wt_sds_32,5
GA,C04,wt_sds_33,5
GA,C04,wt_sds_34,5
GA,C04,wt_sds_35,5
GA,C05,wt_sds_81,5
GA,C05,wt_sds_82,5
GA,C05,wt_sds_83,5
GA,C05,wt_sds_84,5
GA,C05,wt_sds_85,5
GA,C06,wt_sds_91,5
GA,C06,wt_sds_92,5
GA,C06,wt_sds_93,5
GA,C06,wt_sds_94,5
GA,C06,wt_sds_95,5
GA,C07,wt_sds_101,5
GA,C07,wt_sds_102,5
GA,C07,wt_sds_103,5
GA,C07,wt_sds_104,5
GA,C07,wt_sds_105,5
GA,C08,wt_sds_111,5
GA,C08,wt_sds_112,5
GA,C08,wt_sds_113,5
GA,C08,wt_sds_114,5
GA,C08,wt_sds_115,5
GVNS,C01,wt_sds_1,5
GVNS,C01,wt_sds_2,5
GVNS,C01,wt_sds_3,5
GVNS,C01,wt_sds_4,5
GVNS,C01,wt_sds_5,5
GVNS,C02,wt_sds_11,5
GVNS,C02,wt_sds_12,5
GVNS,C02,wt_sds_13,5
GVNS,C02,wt_sds_14,5
GVNS,C02,wt_sds_15,5
GVNS,C03,wt_sds_21,5
GVNS,C03,wt_sds_22,5
GVNS,C03,wt_sds_23,5
GVNS,C03,wt_sds_24,5
GVNS,C03,wt_sds_25,5
GVNS,C04,wt_sds_31,5
GVNS,C04,wt_sds_32,5
GVNS,C04,wt_sds_33,5
GVNS,C04,wt_sds_34,5
GVNS,C04,wt_sds_35,5
GVNS,C05,wt_sds_81,5
GVNS,C05,wt_sds_82,5
GVNS,C05,wt_sds_83,5
GVNS,C05,wt_sds_84,5
GVNS,C05,wt_sds_85,5
GVNS,C06,wt_sds_91,5
GVNS,C06,wt_sds_92,5
GVNS,C06,wt_sds_93,5
GVNS,C06,wt_sds_94,5
GVNS,C06,wt_sds_95,5
GVNS,C07,wt_sds_101,5
GVNS,C07,wt_sds_102,5
GVNS,C07,wt_sds_103,5
GVNS,C07,wt_sds_104,5
GVNS,C07,wt_sds_105,5
GVNS,C08,wt_sds_111,5
GVNS,C08,wt_sds_112,5
GVNS,C08,wt_sds_113,5
GVNS,C08,wt_sds_114,5
GVNS,C08,wt_sds_115,5
SA,C01,wt_sds_1,5
SA,C01,wt_sds_2,5
SA,C01,wt_sds_3,5
SA,C01,wt_sds_4,5
SA,C01,wt_sds_5,5
SA,C02,wt_sds_11,5
SA,C02,wt_sds_12,5
SA,C02,wt_sds_13,5
SA,C02,wt_sds_14,5
SA,C02,wt_sds_15,5
SA,C03,wt_sds_21,5
SA,C03,wt_sds_22,5
SA,C03,wt_sds_23,5
SA,C03,wt_sds_24,5
SA,C03,wt_sds_25,5
SA,C04,wt_sds_31,5
SA,C04,wt_sds_32,5
SA,C04,wt_sds_33,5
SA,C04,wt_sds_34,5
SA,C04,wt_sds_35,5
SA,C05,wt_sds_81,5
SA,C05,wt_sds_82,5
SA,C05,wt_sds_83,5
SA,C05,wt_sds_84,5
SA,C05,wt_sds_85,5
SA,C06,wt_sds_91,5
SA,C06,wt_sds_92,5
SA,C06,wt_sds_93,5
SA,C06,wt_sds_94,5
SA,C06,wt_sds_95,5
SA,C07,wt_sds_101,5
SA,C07,wt_sds_102,5
SA,C07,wt_sds_103,5
SA,C07,wt_sds_104,5
SA,C07,wt_sds_105,5
SA,C08,wt_sds_111,5
SA,C08,wt_sds_112,5
SA,C08,wt_sds_113,5
SA,C08,wt_sds_114,5
SA,C08,wt_sds_115,5
TS,C01,wt_sds_1,5
TS,C01,wt_sds_2,5
TS,C01,wt_sds_3,5
TS,C01,wt_sds_4,5
TS,C01,wt_sds_5,5
TS,C02,wt_sds_11,5
TS,C02,wt_sds_12,5
TS,C02,wt_sds_13,5
TS,C02,wt_sds_14,5
TS,C02,wt_sds_15,5
TS,C03,wt_sds_21,5
TS,C03,wt_sds_22,5
TS,C03,wt_sds_23,5
TS,C03,wt_sds_24,5
TS,C03,wt_sds_25,5
TS,C04,wt_sds_31,5
TS,C04,wt_sds_32,5
TS,C04,wt_sds_33,5
TS,C04,wt_sds_34,5
TS,C04,wt_sds_35,5
TS,C05,wt_sds_81,5
TS,C05,wt_sds_82,5
TS,C05,wt_sds_83,5
TS,C05,wt_sds_84,5
TS,C05,wt_sds_85,5
TS,C06,wt_sds_91,5
TS,C06,wt_sds_92,5
TS,C06,wt_sds_93,5
TS,C06,wt_sds_94,5
TS,C06,wt_sds_95,5
TS,C07,wt_sds_101,5
TS,C07,wt_sds_102,5
TS,C07,wt_sds_103,5
TS,C07,wt_sds_104,5
TS,C07,wt_sds_105,5
TS,C08,wt_sds_111,5
TS,C08,wt_sds_112,5
TS,C08,wt_sds_113,5
TS,C08,wt_sds_114,5
TS,C08,wt_sds_115,5
