instance,class_id,tau,R,eta,EDD_twt,ATCS_twt,WSPT_twt
wt_sds_1,C01,0.3,0.25,0.25,104827,2442,23807
wt_sds_2,C01,0.3,0.25,0.25,195984,13089,42103
wt_sds_3,C01,0.3,0.25,0.25,113189,5053,30375
wt_sds_4,C01,0.3,0.25,0.25,119749,16155,51978
wt_sds_5,C01,0.3,0.25,0.25,169069,10127,46386
wt_sds_11,C02,0.3,0.25,0.75,380585,16772,170015
wt_sds_12,C02,0.3,0.25,0.75,415664,751,79079
wt_sds_13,C02,0.3,0.25,0.75,553054,11556,144566
wt_sds_14,C02,0.3,0.25,0.75,502481,15307,185296
wt_sds_15,C02,0.3,0.25,0.75,398723,7572,100110
wt_sds_21,C03,0.3,0.75,0.25,69691,3736,42293
wt_sds_22,C03,0.3,0.75,0.25,92346,1325,66604
wt_sds_23,C03,0.3,0.75,0.25,66271,0,66659
wt_sds_24,C03,0.3,0.75,0.25,119610,4871,118330
wt_sds_25,C03,0.3,0.75,0.25,51736,2696,78344
wt_sds_31,C04,0.3,0.75,0.75,197188,237,101990
wt_sds_32,C04,0.3,0.75,0.75,229018,1595,181212
wt_sds_33,C04,0.3,0.75,0.75,328971,541,132265
wt_sds_34,C04,0.3,0.75,0.75,246221,0,185775
wt_sds_35,C04,0.3,0.75,0.75,324360,0,246703
wt_sds_81,C05,0.9,0.25,0.25,909913,404367,499886
wt_sds_82,C05,0.9,0.25,0.25,971442,429017,569708
wt_sds_83,C05,0.9,0.25,0.25,984951,480103,598254
wt_sds_84,C05,0.9,0.25,0.25,821753,340970,429082
wt_sds_85,C05,0.9,0.25,0.25,1047605,574751,725144
wt_sds_91,C06,0.9,0.25,0.75,1439104,356272,607908
wt_sds_92,C06,0.9,0.25,0.75,1497363,390582,692892
wt_sds_93,C06,0.9,0.25,0.75,1387160,431927,759951
wt_sds_94,C06,0.9,0.25,0.75,1260706,357721,563009
wt_sds_95,C06,0.9,0.25,0.75,1756351,569806,991650
wt_sds_101,C07,0.9,0.75,0.25,833953,362875,491176
wt_sds_102,C07,0.9,0.75,0.25,989444,498978,635584
wt_sds_103,C07,0.9,0.75,0.25,942604,399977,495574
wt_sds_104,C07,0.9,0.75,0.25,863619,370253,471214
wt_sds_105,C07,0.9,0.75,0.25,1123091,465059,601471
wt_sds_111,C08,0.9,0.75,0.75,1287461,365649,720998
wt_sds_112,C08,0.9,0.75,0.75,1407822,402909,734173
wt_sds_113,C08,0.9,0.75,0.75,1206702,269459,565994
wt_sds_114,C08,0.9,0.75,0.75,1397842,494861,868356
wt_sds_115,C08,0.9,0.75,0.75,1644125,493200,781489
