algorithm,instance,tau,R,eta,seed,runtime_sec,best_twt,improvement_vs_ATCS
SA,wt_sds_1,0.3,0.25,0.25,0,10.000017,847,65.31531532
SA,wt_sds_1,0.3,0.25,0.25,1,10.000015,926,62.08026208
SA,wt_sds_1,0.3,0.25,0.25,2,10.000012,946,61.26126126
SA,wt_sds_1,0.3,0.25,0.25,3,10.000006,858,64.86486486
SA,wt_sds_1,0.3,0.25,0.25,4,10.000010,882,63.88206388
SA,wt_sds_2,0.3,0.25,0.25,0,10.000012,5922,54.75590190
SA,wt_sds_2,0.3,0.25,0.25,1,10.000009,5997,54.18290167
SA,wt_sds_2,0.3,0.25,0.25,2,10.000006,5952,54.52670181
SA,wt_sds_2,0.3,0.25,0.25,3,10.000033,7037,46.23729849
SA,wt_sds_2,0.3,0.25,0.25,4,10.000007,5802,55.67270227
SA,wt_sds_3,0.3,0.25,0.25,0,10.000015,2168,57.09479517
SA,wt_sds_3,0.3,0.25,0.25,1,10.000009,2433,51.85038591
SA,wt_sds_3,0.3,0.25,0.25,2,10.000015,2284,54.79912923
SA,wt_sds_3,0.3,0.25,0.25,3,10.000029,2256,55.35325549
SA,wt_sds_3,0.3,0.25,0.25,4,10.000015,2316,54.16584207
SA,wt_sds_4,0.3,0.25,0.25,0,10.000012,7085,56.14360879
SA,wt_sds_4,0.3,0.25,0.25,1,10.000005,8051,50.16403590
SA,wt_sds_4,0.3,0.25,0.25,2,10.000028,7425,54.03899721
SA,wt_sds_4,0.3,0.25,0.25,3,10.000005,7882,51.21015166
SA,wt_sds_4,0.3,0.25,0.25,4,10.000012,7952,50.77684927
SA,wt_sds_5,0.3,0.25,0.25,0,10.000023,5851,42.22375827
SA,wt_sds_5,0.3,0.25,0.25,1,10.000016,5533,45.36387874
SA,wt_sds_5,0.3,0.25,0.25,2,10.000009,5314,47.52641454
SA,wt_sds_5,0.3,0.25,0.25,3,10.000007,5314,47.52641454
SA,wt_sds_5,0.3,0.25,0.25,4,10.000045,5404,46.63770119
SA,wt_sds_11,0.3,0.25,0.75,0,10.000005,8692,48.17553065
SA,wt_sds_11,0.3,0.25,0.75,1,10.000014,7173,57.23229192
SA,wt_sds_11,0.3,0.25,0.75,2,10.000051,5829,65.24564751
SA,wt_sds_11,0.3,0.25,0.75,3,10.000005,7154,57.34557596
SA,wt_sds_11,0.3,0.25,0.75,4,10.000011,6508,61.19723348
SA,wt_sds_12,0.3,0.25,0.75,0,4.853409,0,100.00000000
SA,wt_sds_12,0.3,0.25,0.75,1,5.762852,0,100.00000000
SA,wt_sds_12,0.3,0.25,0.75,2,5.902703,0,100.00000000
SA,wt_sds_12,0.3,0.25,0.75,3,5.625440,0,100.00000000
SA,wt_sds_12,0.3,0.25,0.75,4,5.795193,0,100.00000000
SA,wt_sds_13,0.3,0.25,0.75,0,10.000012,8353,27.71720318
SA,wt_sds_13,0.3,0.25,0.75,1,10.000011,8564,25.89131187
SA,wt_sds_13,0.3,0.25,0.75,2,10.000011,7574,34.45829007
SA,wt_sds_13,0.3,0.25,0.75,3,10.000014,8079,30.08826584
SA,wt_sds_13,0.3,0.25,0.75,4,10.000010,8929,22.73277951
SA,wt_sds_14,0.3,0.25,0.75,0,10.000034,4971,67.52466192
SA,wt_sds_14,0.3,0.25,0.75,1,10.000017,5365,64.95067616
SA,wt_sds_14,0.3,0.25,0.75,2,10.000006,4081,73.33899523
SA,wt_sds_14,0.3,0.25,0.75,3,10.000013,4562,70.19664206
SA,wt_sds_14,0.3,0.25,0.75,4,10.000004,5813,62.02391063
SA,wt_sds_15,0.3,0.25,0.75,0,10.000009,3700,51.13576334
SA,wt_sds_15,0.3,0.25,0.75,1,10.000016,4331,42.80243001
SA,wt_sds_15,0.3,0.25,0.75,2,10.000012,2137,71.77760169
SA,wt_sds_15,0.3,0.25,0.75,3,10.000016,3796,49.86793450
SA,wt_sds_15,0.3,0.25,0.75,4,10.000064,2861,62.21605917
SA,wt_sds_21,0.3,0.75,0.25,0,7.446235,0,100.00000000
SA,wt_sds_21,0.3,0.75,0.25,1,6.346467,0,100.00000000
SA,wt_sds_21,0.3,0.75,0.25,2,6.056369,0,100.00000000
SA,wt_sds_21,0.3,0.75,0.25,3,6.128238,0,100.00000000
SA,wt_sds_21,0.3,0.75,0.25,4,5.911469,0,100.00000000
SA,wt_sds_22,0.3,0.75,0.25,0,5.214854,0,100.00000000
SA,wt_sds_22,0.3,0.75,0.25,1,5.193105,0,100.00000000
SA,wt_sds_22,0.3,0.75,0.25,2,5.258711,0,100.00000000
SA,wt_sds_22,0.3,0.75,0.25,3,5.827969,0,100.00000000
SA,wt_sds_22,0.3,0.75,0.25,4,4.777787,0,100.00000000
SA,wt_sds_23,0.3,0.75,0.25,0,0.001649,0,0.00000000
SA,wt_sds_23,0.3,0.75,0.25,1,0.001755,0,0.00000000
SA,wt_sds_23,0.3,0.75,0.25,2,0.001643,0,0.00000000
SA,wt_sds_23,0.3,0.75,0.25,3,0.002482,0,0.00000000
SA,wt_sds_23,0.3,0.75,0.25,4,0.001877,0,0.00000000
SA,wt_sds_24,0.3,0.75,0.25,0,10.000009,1503,69.14391295
SA,wt_sds_24,0.3,0.75,0.25,1,10.000015,1413,70.99158284
SA,wt_sds_24,0.3,0.75,0.25,2,10.000011,1361,72.05912544
SA,wt_sds_24,0.3,0.75,0.25,3,10.000008,1473,69.75980292
SA,wt_sds_24,0.3,0.75,0.25,4,10.000018,1283,73.66043933
SA,wt_sds_25,0.3,0.75,0.25,0,8.129669,0,100.00000000
SA,wt_sds_25,0.3,0.75,0.25,1,8.399578,0,100.00000000
SA,wt_sds_25,0.3,0.75,0.25,2,7.963445,0,100.00000000
SA,wt_sds_25,0.3,0.75,0.25,3,6.848951,0,100.00000000
SA,wt_sds_25,0.3,0.75,0.25,4,6.757633,0,100.00000000
SA,wt_sds_31,0.3,0.75,0.75,0,4.433321,0,100.00000000
SA,wt_sds_31,0.3,0.75,0.75,1,4.456132,0,100.00000000
SA,wt_sds_31,0.3,0.75,0.75,2,4.365955,0,100.00000000
SA,wt_sds_31,0.3,0.75,0.75,3,4.745210,0,100.00000000
SA,wt_sds_31,0.3,0.75,0.75,4,3.989637,0,100.00000000
SA,wt_sds_32,0.3,0.75,0.75,0,4.973029,0,100.00000000
SA,wt_sds_32,0.3,0.75,0.75,1,5.469281,0,100.00000000
SA,wt_sds_32,0.3,0.75,0.75,2,4.246332,0,100.00000000
SA,wt_sds_32,0.3,0.75,0.75,3,5.312476,0,100.00000000
SA,wt_sds_32,0.3,0.75,0.75,4,4.746690,0,100.00000000
SA,wt_sds_33,0.3,0.75,0.75,0,4.988699,0,100.00000000
SA,wt_sds_33,0.3,0.75,0.75,1,5.511296,0,100.00000000
SA,wt_sds_33,0.3,0.75,0.75,2,5.013310,0,100.00000000
SA,wt_sds_33,0.3,0.75,0.75,3,5.355228,0,100.00000000
SA,wt_sds_33,0.3,0.75,0.75,4,5.082645,0,100.00000000
SA,wt_sds_34,0.3,0.75,0.75,0,0.001738,0,0.00000000
SA,wt_sds_34,0.3,0.75,0.75,1,0.001669,0,0.00000000
SA,wt_sds_34,0.3,0.75,0.75,2,0.001650,0,0.00000000
SA,wt_sds_34,0.3,0.75,0.75,3,0.002100,0,0.00000000
SA,wt_sds_34,0.3,0.75,0.75,4,0.002630,0,0.00000000
SA,wt_sds_35,0.3,0.75,0.75,0,0.002467,0,0.00000000
SA,wt_sds_35,0.3,0.75,0.75,1,0.002642,0,0.00000000
SA,wt_sds_35,0.3,0.75,0.75,2,0.002364,0,0.00000000
SA,wt_sds_35,0.3,0.75,0.75,3,0.001596,0,0.00000000
SA,wt_sds_35,0.3,0.75,0.75,4,0.001855,0,0.00000000
SA,wt_sds_81,0.9,0.25,0.25,0,10.000006,386891,4.32181657
SA,wt_sds_81,0.9,0.25,0.25,1,10.000009,390087,3.53144544
SA,wt_sds_81,0.9,0.25,0.25,2,10.000012,391826,3.10139057
SA,wt_sds_81,0.9,0.25,0.25,3,10.000008,389668,3.63506419
SA,wt_sds_81,0.9,0.25,0.25,4,10.000016,390954,3.31703626
SA,wt_sds_82,0.9,0.25,0.25,0,10.000017,420572,1.96845346
SA,wt_sds_82,0.9,0.25,0.25,1,10.000011,416229,2.98076766
SA,wt_sds_82,0.9,0.25,0.25,2,10.000032,416694,2.87238035
SA,wt_sds_82,0.9,0.25,0.25,3,10.000006,416221,2.98263239
SA,wt_sds_82,0.9,0.25,0.25,4,10.000025,421448,1.76426575
SA,wt_sds_83,0.9,0.25,0.25,0,10.000019,468453,2.42656263
SA,wt_sds_83,0.9,0.25,0.25,1,10.000022,463573,3.44301119
SA,wt_sds_83,0.9,0.25,0.25,2,10.000012,472046,1.67818156
SA,wt_sds_83,0.9,0.25,0.25,3,10.000005,474922,1.07914343
SA,wt_sds_83,0.9,0.25,0.25,4,10.000011,467390,2.64797346
SA,wt_sds_84,0.9,0.25,0.25,0,10.000011,331744,2.70580990
SA,wt_sds_84,0.9,0.25,0.25,1,10.000010,339160,0.53083849
SA,wt_sds_84,0.9,0.25,0.25,2,10.000008,332838,2.38496055
SA,wt_sds_84,0.9,0.25,0.25,3,10.000033,334490,1.90046045
SA,wt_sds_84,0.9,0.25,0.25,4,10.000018,338235,0.80212335
SA,wt_sds_85,0.9,0.25,0.25,0,10.000018,562145,2.19329762
SA,wt_sds_85,0.9,0.25,0.25,1,10.000019,564507,1.78233705
SA,wt_sds_85,0.9,0.25,0.25,2,10.000047,561348,2.33196636
SA,wt_sds_85,0.9,0.25,0.25,3,10.000007,563329,1.98729537
SA,wt_sds_85,0.9,0.25,0.25,4,10.000017,563301,1.99216704
SA,wt_sds_91,0.9,0.25,0.75,0,10.000012,356272,0.00000000
SA,wt_sds_91,0.9,0.25,0.75,1,10.000022,356272,0.00000000
SA,wt_sds_91,0.9,0.25,0.75,2,10.000016,356272,0.00000000
SA,wt_sds_91,0.9,0.25,0.75,3,10.000014,356272,0.00000000
SA,wt_sds_91,0.9,0.25,0.75,4,10.000014,356272,0.00000000
SA,wt_sds_92,0.9,0.25,0.75,0,10.000017,373207,4.44848969
SA,wt_sds_92,0.9,0.25,0.75,1,10.000011,381791,2.25074376
SA,wt_sds_92,0.9,0.25,0.75,2,10.000008,374573,4.09875519
SA,wt_sds_92,0.9,0.25,0.75,3,10.000016,381067,2.43610817
SA,wt_sds_92,0.9,0.25,0.75,4,10.000010,379841,2.74999872
SA,wt_sds_93,0.9,0.25,0.75,0,10.000016,431927,0.00000000
SA,wt_sds_93,0.9,0.25,0.75,1,10.000009,421799,2.34484068
SA,wt_sds_93,0.9,0.25,0.75,2,10.000022,429196,0.63228277
SA,wt_sds_93,0.9,0.25,0.75,3,10.000013,422819,2.10868966
SA,wt_sds_93,0.9,0.25,0.75,4,10.000017,428204,0.86195121
SA,wt_sds_94,0.9,0.25,0.75,0,10.000015,350120,2.12484031
SA,wt_sds_94,0.9,0.25,0.75,1,10.000009,339624,5.05897054
SA,wt_sds_94,0.9,0.25,0.75,2,10.000010,354486,0.90433606
SA,wt_sds_94,0.9,0.25,0.75,3,10.000030,357568,0.04277076
SA,wt_sds_94,0.9,0.25,0.75,4,10.000058,357077,0.18002857
SA,wt_sds_95,0.9,0.25,0.75,0,10.000013,542139,4.85551223
SA,wt_sds_95,0.9,0.25,0.75,1,10.000012,542498,4.79250833
SA,wt_sds_95,0.9,0.25,0.75,2,10.000014,554560,2.67564750
SA,wt_sds_95,0.9,0.25,0.75,3,10.000014,536696,5.81074962
SA,wt_sds_95,0.9,0.25,0.75,4,10.000010,551711,3.17564224
SA,wt_sds_101,0.9,0.75,0.25,0,10.000008,357792,1.40075784
SA,wt_sds_101,0.9,0.75,0.25,1,10.000008,359711,0.87192559
SA,wt_sds_101,0.9,0.75,0.25,2,10.000029,359987,0.79586635
SA,wt_sds_101,0.9,0.75,0.25,3,10.000006,358374,1.24037203
SA,wt_sds_101,0.9,0.75,0.25,4,10.000013,360008,0.79007923
SA,wt_sds_102,0.9,0.75,0.25,0,10.000006,498978,0.00000000
SA,wt_sds_102,0.9,0.75,0.25,1,10.000008,498978,0.00000000
SA,wt_sds_102,0.9,0.75,0.25,2,10.000011,498552,0.08537451
SA,wt_sds_102,0.9,0.75,0.25,3,10.000012,498978,0.00000000
SA,wt_sds_102,0.9,0.75,0.25,4,10.000012,498978,0.00000000
SA,wt_sds_103,0.9,0.75,0.25,0,10.000022,384498,3.86997252
SA,wt_sds_103,0.9,0.75,0.25,1,10.000008,390581,2.34913508
SA,wt_sds_103,0.9,0.75,0.25,2,10.000028,386133,3.46119902
SA,wt_sds_103,0.9,0.75,0.25,3,10.000014,385693,3.57120534
SA,wt_sds_103,0.9,0.75,0.25,4,10.000012,384068,3.97747871
SA,wt_sds_104,0.9,0.75,0.25,0,10.000010,359927,2.78890380
SA,wt_sds_104,0.9,0.75,0.25,1,10.000018,362899,1.98620943
SA,wt_sds_104,0.9,0.75,0.25,2,10.000013,364235,1.62537508
SA,wt_sds_104,0.9,0.75,0.25,3,10.000018,365853,1.18837660
SA,wt_sds_104,0.9,0.75,0.25,4,10.000017,363183,1.90950512
SA,wt_sds_105,0.9,0.75,0.25,0,10.000017,457566,1.61119342
SA,wt_sds_105,0.9,0.75,0.25,1,10.000013,457114,1.70838539
SA,wt_sds_105,0.9,0.75,0.25,2,10.000006,459405,1.21575972
SA,wt_sds_105,0.9,0.75,0.25,3,10.000010,464661,0.08558054
SA,wt_sds_105,0.9,0.75,0.25,4,10.000017,458982,1.30671592
SA,wt_sds_111,0.9,0.75,0.75,0,10.000006,351958,3.74430123
SA,wt_sds_111,0.9,0.75,0.75,1,10.000005,360383,1.44017897
SA,wt_sds_111,0.9,0.75,0.75,2,10.000013,360131,1.50909752
SA,wt_sds_111,0.9,0.75,0.75,3,10.000013,361738,1.06960500
SA,wt_sds_111,0.9,0.75,0.75,4,10.000007,365649,0.00000000
SA,wt_sds_112,0.9,0.75,0.75,0,10.000015,386013,4.19350275
SA,wt_sds_112,0.9,0.75,0.75,1,10.000016,378611,6.03064215
SA,wt_sds_112,0.9,0.75,0.75,2,10.000019,382319,5.11033509
SA,wt_sds_112,0.9,0.75,0.75,3,10.000009,387725,3.76859291
SA,wt_sds_112,0.9,0.75,0.75,4,10.000025,383092,4.91848035
SA,wt_sds_113,0.9,0.75,0.75,0,10.000020,269459,0.00000000
SA,wt_sds_113,0.9,0.75,0.75,1,10.000016,267543,0.71105437
SA,wt_sds_113,0.9,0.75,0.75,2,10.000007,269459,0.00000000
SA,wt_sds_113,0.9,0.75,0.75,3,10.000005,267347,0.78379271
SA,wt_sds_113,0.9,0.75,0.75,4,10.000015,269459,0.00000000
SA,wt_sds_114,0.9,0.75,0.75,0,10.000007,492168,0.54419322
SA,wt_sds_114,0.9,0.75,0.75,1,10.000006,494861,0.00000000
SA,wt_sds_114,0.9,0.75,0.75,2,10.000006,492024,0.57329230
SA,wt_sds_114,0.9,0.75,0.75,3,10.000013,494861,0.00000000
SA,wt_sds_114,0.9,0.75,0.75,4,10.000025,490301,0.92147088
SA,wt_sds_115,0.9,0.75,0.75,0,10.000012,493200,0.00000000
SA,wt_sds_115,0.9,0.75,0.75,1,10.000004,478000,3.08191403
SA,wt_sds_115,0.9,0.75,0.75,2,10.000015,481738,2.32400649
SA,wt_sds_115,0.9,0.75,0.75,3,10.000008,479765,2.72404704
SA,wt_sds_115,0.9,0.75,0.75,4,10.000017,475991,3.48925385
GA,wt_sds_1,0.3,0.25,0.25,0,10.000015,1414,42.09664210
GA,wt_sds_1,0.3,0.25,0.25,1,10.000021,1278,47.66584767
GA,wt_sds_1,0.3,0.25,0.25,2,10.000007,1414,42.09664210
GA,wt_sds_1,0.3,0.25,0.25,3,10.000009,1190,51.26945127
GA,wt_sds_1,0.3,0.25,0.25,4,10.000012,1483,39.27108927
GA,wt_sds_2,0.3,0.25,0.25,0,10.000014,8028,38.66605547
GA,wt_sds_2,0.3,0.25,0.25,1,10.000011,8495,35.09817404
GA,wt_sds_2,0.3,0.25,0.25,2,10.000024,7505,42.66177706
GA,wt_sds_2,0.3,0.25,0.25,3,10.000043,7671,41.39353656
GA,wt_sds_2,0.3,0.25,0.25,4,10.000016,7572,42.14989686
GA,wt_sds_3,0.3,0.25,0.25,0,10.000008,2622,48.11003364
GA,wt_sds_3,0.3,0.25,0.25,1,10.000022,3081,39.02632100
GA,wt_sds_3,0.3,0.25,0.25,2,10.000012,2950,41.61884029
GA,wt_sds_3,0.3,0.25,0.25,3,10.000012,2760,45.37898278
GA,wt_sds_3,0.3,0.25,0.25,4,10.000018,2797,44.64674451
GA,wt_sds_4,0.3,0.25,0.25,0,10.000012,9133,43.46641907
GA,wt_sds_4,0.3,0.25,0.25,1,10.000022,9686,40.04333024
GA,wt_sds_4,0.3,0.25,0.25,2,10.000012,9213,42.97121634
GA,wt_sds_4,0.3,0.25,0.25,3,10.000012,8728,45.97338285
GA,wt_sds_4,0.3,0.25,0.25,4,10.000020,9536,40.97183535
GA,wt_sds_5,0.3,0.25,0.25,0,10.000010,6542,35.40041473
GA,wt_sds_5,0.3,0.25,0.25,1,10.000013,5862,42.11513775
GA,wt_sds_5,0.3,0.25,0.25,2,10.000008,6302,37.77031697
GA,wt_sds_5,0.3,0.25,0.25,3,10.000013,6924,31.62832033
GA,wt_sds_5,0.3,0.25,0.25,4,10.000008,6244,38.34304335
GA,wt_sds_11,0.3,0.25,0.75,0,10.000015,8761,47.76413069
GA,wt_sds_11,0.3,0.25,0.75,1,10.000017,10153,39.46458383
GA,wt_sds_11,0.3,0.25,0.75,2,10.000008,8460,49.55878846
GA,wt_sds_11,0.3,0.25,0.75,3,10.000014,8882,47.04269020
GA,wt_sds_11,0.3,0.25,0.75,4,10.000019,7960,52.53994753
GA,wt_sds_12,0.3,0.25,0.75,0,0.093572,0,100.00000000
GA,wt_sds_12,0.3,0.25,0.75,1,1.204752,0,100.00000000
GA,wt_sds_12,0.3,0.25,0.75,2,10.000012,15,98.00266312
GA,wt_sds_12,0.3,0.25,0.75,3,10.000015,89,88.14913449
GA,wt_sds_12,0.3,0.25,0.75,4,3.997633,0,100.00000000
GA,wt_sds_13,0.3,0.25,0.75,0,10.000011,10998,4.82866044
GA,wt_sds_13,0.3,0.25,0.75,1,10.000026,10998,4.82866044
GA,wt_sds_13,0.3,0.25,0.75,2,10.000013,10998,4.82866044
GA,wt_sds_13,0.3,0.25,0.75,3,10.000009,8838,23.52024922
GA,wt_sds_13,0.3,0.25,0.75,4,10.000010,8838,23.52024922
GA,wt_sds_14,0.3,0.25,0.75,0,10.000011,10078,34.16084145
GA,wt_sds_14,0.3,0.25,0.75,1,10.000007,9499,37.94342458
GA,wt_sds_14,0.3,0.25,0.75,2,10.000008,9282,39.36107663
GA,wt_sds_14,0.3,0.25,0.75,3,10.000014,8461,44.72463579
GA,wt_sds_14,0.3,0.25,0.75,4,10.000013,9817,35.86594369
GA,wt_sds_15,0.3,0.25,0.75,0,10.000010,5078,32.93713682
GA,wt_sds_15,0.3,0.25,0.75,1,10.000087,5980,21.02482831
GA,wt_sds_15,0.3,0.25,0.75,2,10.000019,4440,41.36291601
GA,wt_sds_15,0.3,0.25,0.75,3,10.000018,5078,32.93713682
GA,wt_sds_15,0.3,0.25,0.75,4,10.000026,5078,32.93713682
GA,wt_sds_21,0.3,0.75,0.25,0,1.192472,0,100.00000000
GA,wt_sds_21,0.3,0.75,0.25,1,3.103353,0,100.00000000
GA,wt_sds_21,0.3,0.75,0.25,2,1.121123,0,100.00000000
GA,wt_sds_21,0.3,0.75,0.25,3,4.686307,0,100.00000000
GA,wt_sds_21,0.3,0.75,0.25,4,6.384648,0,100.00000000
GA,wt_sds_22,0.3,0.75,0.25,0,0.750303,0,100.00000000
GA,wt_sds_22,0.3,0.75,0.25,1,0.384049,0,100.00000000
GA,wt_sds_22,0.3,0.75,0.25,2,1.092026,0,100.00000000
GA,wt_sds_22,0.3,0.75,0.25,3,1.494743,0,100.00000000
GA,wt_sds_22,0.3,0.75,0.25,4,0.849763,0,100.00000000
GA,wt_sds_23,0.3,0.75,0.25,0,0.002971,0,0.00000000
GA,wt_sds_23,0.3,0.75,0.25,1,0.002733,0,0.00000000
GA,wt_sds_23,0.3,0.75,0.25,2,0.003420,0,0.00000000
GA,wt_sds_23,0.3,0.75,0.25,3,0.003355,0,0.00000000
GA,wt_sds_23,0.3,0.75,0.25,4,0.002955,0,0.00000000
GA,wt_sds_24,0.3,0.75,0.25,0,10.000011,2758,43.37918292
GA,wt_sds_24,0.3,0.75,0.25,1,10.000017,2672,45.14473414
GA,wt_sds_24,0.3,0.75,0.25,2,10.000016,2694,44.69308150
GA,wt_sds_24,0.3,0.75,0.25,3,10.000024,2707,44.42619585
GA,wt_sds_24,0.3,0.75,0.25,4,10.000023,2664,45.30897146
GA,wt_sds_25,0.3,0.75,0.25,0,10.000012,245,90.91246291
GA,wt_sds_25,0.3,0.75,0.25,1,10.000015,197,92.69287834
GA,wt_sds_25,0.3,0.75,0.25,2,10.000014,163,93.95400593
GA,wt_sds_25,0.3,0.75,0.25,3,10.000033,199,92.61869436
GA,wt_sds_25,0.3,0.75,0.25,4,10.000008,238,91.17210682
GA,wt_sds_31,0.3,0.75,0.75,0,0.016232,0,100.00000000
GA,wt_sds_31,0.3,0.75,0.75,1,0.052515,0,100.00000000
GA,wt_sds_31,0.3,0.75,0.75,2,0.046340,0,100.00000000
GA,wt_sds_31,0.3,0.75,0.75,3,0.244174,0,100.00000000
GA,wt_sds_31,0.3,0.75,0.75,4,0.399486,0,100.00000000
GA,wt_sds_32,0.3,0.75,0.75,0,10.000007,33,97.93103448
GA,wt_sds_32,0.3,0.75,0.75,1,0.582136,0,100.00000000
GA,wt_sds_32,0.3,0.75,0.75,2,0.639171,0,100.00000000
GA,wt_sds_32,0.3,0.75,0.75,3,0.267539,0,100.00000000
GA,wt_sds_32,0.3,0.75,0.75,4,0.743177,0,100.00000000
GA,wt_sds_33,0.3,0.75,0.75,0,0.142948,0,100.00000000
GA,wt_sds_33,0.3,0.75,0.75,1,0.233379,0,100.00000000
GA,wt_sds_33,0.3,0.75,0.75,2,0.341510,0,100.00000000
GA,wt_sds_33,0.3,0.75,0.75,3,0.100986,0,100.00000000
GA,wt_sds_33,0.3,0.75,0.75,4,0.262969,0,100.00000000
GA,wt_sds_34,0.3,0.75,0.75,0,0.002970,0,0.00000000
GA,wt_sds_34,0.3,0.75,0.75,1,0.002985,0,0.00000000
GA,wt_sds_34,0.3,0.75,0.75,2,0.003729,0,0.00000000
GA,wt_sds_34,0.3,0.75,0.75,3,0.003245,0,0.00000000
GA,wt_sds_34,0.3,0.75,0.75,4,0.002871,0,0.00000000
GA,wt_sds_35,0.3,0.75,0.75,0,0.003022,0,0.00000000
GA,wt_sds_35,0.3,0.75,0.75,1,0.003857,0,0.00000000
GA,wt_sds_35,0.3,0.75,0.75,2,0.003569,0,0.00000000
GA,wt_sds_35,0.3,0.75,0.75,3,0.002827,0,0.00000000
GA,wt_sds_35,0.3,0.75,0.75,4,0.002945,0,0.00000000
GA,wt_sds_81,0.9,0.25,0.25,0,10.000016,402162,0.54529672
GA,wt_sds_81,0.9,0.25,0.25,1,10.000024,404274,0.02299891
GA,wt_sds_81,0.9,0.25,0.25,2,10.000017,404274,0.02299891
GA,wt_sds_81,0.9,0.25,0.25,3,10.000022,404274,0.02299891
GA,wt_sds_81,0.9,0.25,0.25,4,10.000011,404274,0.02299891
GA,wt_sds_82,0.9,0.25,0.25,0,10.000028,427887,0.26339283
GA,wt_sds_82,0.9,0.25,0.25,1,10.000011,427463,0.36222341
GA,wt_sds_82,0.9,0.25,0.25,2,10.000018,426016,0.69950608
GA,wt_sds_82,0.9,0.25,0.25,3,10.000036,428119,0.20931571
GA,wt_sds_82,0.9,0.25,0.25,4,10.000023,427575,0.33611722
GA,wt_sds_83,0.9,0.25,0.25,0,10.000016,480079,0.00499893
GA,wt_sds_83,0.9,0.25,0.25,1,10.000021,480089,0.00291604
GA,wt_sds_83,0.9,0.25,0.25,2,10.000108,480089,0.00291604
GA,wt_sds_83,0.9,0.25,0.25,3,10.000020,480089,0.00291604
GA,wt_sds_83,0.9,0.25,0.25,4,10.000019,480079,0.00499893
GA,wt_sds_84,0.9,0.25,0.25,0,10.000024,337048,1.15024782
GA,wt_sds_84,0.9,0.25,0.25,1,10.000011,337048,1.15024782
GA,wt_sds_84,0.9,0.25,0.25,2,10.000016,337048,1.15024782
GA,wt_sds_84,0.9,0.25,0.25,3,10.000024,337063,1.14584861
GA,wt_sds_84,0.9,0.25,0.25,4,10.000035,337063,1.14584861
GA,wt_sds_85,0.9,0.25,0.25,0,10.000042,573185,0.27246582
GA,wt_sds_85,0.9,0.25,0.25,1,10.000010,573956,0.13832077
GA,wt_sds_85,0.9,0.25,0.25,2,10.000014,574271,0.08351443
GA,wt_sds_85,0.9,0.25,0.25,3,10.000012,573194,0.27089992
GA,wt_sds_85,0.9,0.25,0.25,4,10.000008,574280,0.08194853
GA,wt_sds_91,0.9,0.25,0.75,0,10.000008,356272,0.00000000
GA,wt_sds_91,0.9,0.25,0.75,1,10.000008,356272,0.00000000
GA,wt_sds_91,0.9,0.25,0.75,2,10.000012,356272,0.00000000
GA,wt_sds_91,0.9,0.25,0.75,3,10.000016,355817,0.12771141
GA,wt_sds_91,0.9,0.25,0.75,4,10.000013,356272,0.00000000
GA,wt_sds_92,0.9,0.25,0.75,0,10.000013,390569,0.00332837
GA,wt_sds_92,0.9,0.25,0.75,1,10.000015,390569,0.00332837
GA,wt_sds_92,0.9,0.25,0.75,2,10.000028,390582,0.00000000
GA,wt_sds_92,0.9,0.25,0.75,3,10.000009,390569,0.00332837
GA,wt_sds_92,0.9,0.25,0.75,4,10.000013,390582,0.00000000
GA,wt_sds_93,0.9,0.25,0.75,0,10.000026,431927,0.00000000
GA,wt_sds_93,0.9,0.25,0.75,1,10.000012,431927,0.00000000
GA,wt_sds_93,0.9,0.25,0.75,2,10.000014,431927,0.00000000
GA,wt_sds_93,0.9,0.25,0.75,3,10.000008,431927,0.00000000
GA,wt_sds_93,0.9,0.25,0.75,4,10.000012,431927,0.00000000
GA,wt_sds_94,0.9,0.25,0.75,0,10.000035,357213,0.14201011
GA,wt_sds_94,0.9,0.25,0.75,1,10.000010,357213,0.14201011
GA,wt_sds_94,0.9,0.25,0.75,2,10.000007,357248,0.13222595
GA,wt_sds_94,0.9,0.25,0.75,3,10.000013,357559,0.04528669
GA,wt_sds_94,0.9,0.25,0.75,4,10.000015,357213,0.14201011
GA,wt_sds_95,0.9,0.25,0.75,0,10.000011,567473,0.40943760
GA,wt_sds_95,0.9,0.25,0.75,1,10.000010,568092,0.30080413
GA,wt_sds_95,0.9,0.25,0.75,2,10.000025,568092,0.30080413
GA,wt_sds_95,0.9,0.25,0.75,3,10.000022,567540,0.39767921
GA,wt_sds_95,0.9,0.25,0.75,4,10.000041,567473,0.40943760
GA,wt_sds_101,0.9,0.75,0.25,0,10.000014,360310,0.70685498
GA,wt_sds_101,0.9,0.75,0.25,1,10.000007,360577,0.63327592
GA,wt_sds_101,0.9,0.75,0.25,2,10.000013,360192,0.73937306
GA,wt_sds_101,0.9,0.75,0.25,3,10.000016,360308,0.70740613
GA,wt_sds_101,0.9,0.75,0.25,4,10.000024,360577,0.63327592
GA,wt_sds_102,0.9,0.75,0.25,0,10.000025,498856,0.02444998
GA,wt_sds_102,0.9,0.75,0.25,1,10.000020,498856,0.02444998
GA,wt_sds_102,0.9,0.75,0.25,2,10.000010,498856,0.02444998
GA,wt_sds_102,0.9,0.75,0.25,3,10.000018,498856,0.02444998
GA,wt_sds_102,0.9,0.75,0.25,4,10.000012,498856,0.02444998
GA,wt_sds_103,0.9,0.75,0.25,0,10.000028,395976,1.00030752
GA,wt_sds_103,0.9,0.75,0.25,1,10.000011,394504,1.36832868
GA,wt_sds_103,0.9,0.75,0.25,2,10.000016,394448,1.38232948
GA,wt_sds_103,0.9,0.75,0.25,3,10.000027,396213,0.94105411
GA,wt_sds_103,0.9,0.75,0.25,4,10.000026,394637,1.33507677
GA,wt_sds_104,0.9,0.75,0.25,0,10.000014,368547,0.46076602
GA,wt_sds_104,0.9,0.75,0.25,1,10.000015,368551,0.45968567
GA,wt_sds_104,0.9,0.75,0.25,2,10.000010,368585,0.45050276
GA,wt_sds_104,0.9,0.75,0.25,3,10.000010,368158,0.56582931
GA,wt_sds_104,0.9,0.75,0.25,4,10.000017,368851,0.37866000
GA,wt_sds_105,0.9,0.75,0.25,0,10.000025,465045,0.00301037
GA,wt_sds_105,0.9,0.75,0.25,1,10.000017,464865,0.04171514
GA,wt_sds_105,0.9,0.75,0.25,2,10.000006,464865,0.04171514
GA,wt_sds_105,0.9,0.75,0.25,3,10.000009,465045,0.00301037
GA,wt_sds_105,0.9,0.75,0.25,4,10.000012,465045,0.00301037
GA,wt_sds_111,0.9,0.75,0.75,0,10.000011,364877,0.21113144
GA,wt_sds_111,0.9,0.75,0.75,1,10.000016,364969,0.18597070
GA,wt_sds_111,0.9,0.75,0.75,2,10.000009,364883,0.20949052
GA,wt_sds_111,0.9,0.75,0.75,3,10.000009,364877,0.21113144
GA,wt_sds_111,0.9,0.75,0.75,4,10.000025,364877,0.21113144
GA,wt_sds_112,0.9,0.75,0.75,0,10.000018,393646,2.29903030
GA,wt_sds_112,0.9,0.75,0.75,1,10.000014,393380,2.36505017
GA,wt_sds_112,0.9,0.75,0.75,2,10.000011,393646,2.29903030
GA,wt_sds_112,0.9,0.75,0.75,3,10.000014,393678,2.29108806
GA,wt_sds_112,0.9,0.75,0.75,4,10.000009,393646,2.29903030
GA,wt_sds_113,0.9,0.75,0.75,0,10.000012,267195,0.84020203
GA,wt_sds_113,0.9,0.75,0.75,1,10.000014,267486,0.73220787
GA,wt_sds_113,0.9,0.75,0.75,2,10.000009,267195,0.84020203
GA,wt_sds_113,0.9,0.75,0.75,3,10.000018,267563,0.70363209
GA,wt_sds_113,0.9,0.75,0.75,4,10.000012,267195,0.84020203
GA,wt_sds_114,0.9,0.75,0.75,0,10.000029,494861,0.00000000
GA,wt_sds_114,0.9,0.75,0.75,1,10.000015,494861,0.00000000
GA,wt_sds_114,0.9,0.75,0.75,2,10.000020,494848,0.00262700
GA,wt_sds_114,0.9,0.75,0.75,3,10.000019,494861,0.00000000
GA,wt_sds_114,0.9,0.75,0.75,4,10.000010,494848,0.00262700
GA,wt_sds_115,0.9,0.75,0.75,0,10.000023,488381,0.97708840
GA,wt_sds_115,0.9,0.75,0.75,1,10.000007,488381,0.97708840
GA,wt_sds_115,0.9,0.75,0.75,2,10.000010,488381,0.97708840
GA,wt_sds_115,0.9,0.75,0.75,3,10.000011,488381,0.97708840
GA,wt_sds_115,0.9,0.75,0.75,4,10.000021,486007,1.45843471
TS,wt_sds_1,0.3,0.25,0.25,0,10.000011,906,62.89926290
TS,wt_sds_1,0.3,0.25,0.25,1,10.000008,977,59.99180999
TS,wt_sds_1,0.3,0.25,0.25,2,10.000005,1034,57.65765766
TS,wt_sds_1,0.3,0.25,0.25,3,10.000004,1014,58.47665848
TS,wt_sds_1,0.3,0.25,0.25,4,10.000004,1046,57.16625717
TS,wt_sds_2,0.3,0.25,0.25,0,10.000013,6798,48.06325923
TS,wt_sds_2,0.3,0.25,0.25,1,10.000009,6222,52.46390099
TS,wt_sds_2,0.3,0.25,0.25,2,10.000005,6127,53.18970128
TS,wt_sds_2,0.3,0.25,0.25,3,10.000007,6498,50.35526014
TS,wt_sds_2,0.3,0.25,0.25,4,10.000031,6609,49.50721980
TS,wt_sds_3,0.3,0.25,0.25,0,10.000008,2554,49.45576885
TS,wt_sds_3,0.3,0.25,0.25,1,10.000014,2461,51.29625965
TS,wt_sds_3,0.3,0.25,0.25,2,10.000004,2506,50.40569958
TS,wt_sds_3,0.3,0.25,0.25,3,10.000015,2426,51.98891747
TS,wt_sds_3,0.3,0.25,0.25,4,10.000010,2538,49.77241243
TS,wt_sds_4,0.3,0.25,0.25,0,10.000008,9270,42.61838440
TS,wt_sds_4,0.3,0.25,0.25,1,10.000006,9407,41.77034974
TS,wt_sds_4,0.3,0.25,0.25,2,10.000013,9125,43.51593934
TS,wt_sds_4,0.3,0.25,0.25,3,10.000012,9377,41.95605076
TS,wt_sds_4,0.3,0.25,0.25,4,10.000007,8766,45.73816156
TS,wt_sds_5,0.3,0.25,0.25,0,10.000010,5890,41.83864916
TS,wt_sds_5,0.3,0.25,0.25,1,10.000006,5623,44.47516540
TS,wt_sds_5,0.3,0.25,0.25,2,10.000026,5614,44.56403673
TS,wt_sds_5,0.3,0.25,0.25,3,10.000012,5854,42.19413449
TS,wt_sds_5,0.3,0.25,0.25,4,10.000004,5656,44.14930384
TS,wt_sds_11,0.3,0.25,0.75,0,10.000013,6773,59.61721917
TS,wt_sds_11,0.3,0.25,0.75,1,10.000009,6431,61.65633198
TS,wt_sds_11,0.3,0.25,0.75,2,10.000013,6220,62.91438111
TS,wt_sds_11,0.3,0.25,0.75,3,10.000006,6202,63.02170284
TS,wt_sds_11,0.3,0.25,0.75,4,10.000009,7580,54.80562843
TS,wt_sds_12,0.3,0.25,0.75,0,0.419210,0,100.00000000
TS,wt_sds_12,0.3,0.25,0.75,1,0.589942,0,100.00000000
TS,wt_sds_12,0.3,0.25,0.75,2,0.019756,0,100.00000000
TS,wt_sds_12,0.3,0.25,0.75,3,0.066369,0,100.00000000
TS,wt_sds_12,0.3,0.25,0.75,4,0.362041,0,100.00000000
TS,wt_sds_13,0.3,0.25,0.75,0,10.000010,9931,14.06195916
TS,wt_sds_13,0.3,0.25,0.75,1,10.000007,9931,14.06195916
TS,wt_sds_13,0.3,0.25,0.75,2,10.000004,9931,14.06195916
TS,wt_sds_13,0.3,0.25,0.75,3,10.000021,9931,14.06195916
TS,wt_sds_13,0.3,0.25,0.75,4,10.000014,9931,14.06195916
TS,wt_sds_14,0.3,0.25,0.75,0,10.000006,5017,67.22414582
TS,wt_sds_14,0.3,0.25,0.75,1,10.000021,6598,56.89553799
TS,wt_sds_14,0.3,0.25,0.75,2,10.000009,5997,60.82184621
TS,wt_sds_14,0.3,0.25,0.75,3,10.000009,5449,64.40190762
TS,wt_sds_14,0.3,0.25,0.75,4,10.000011,5720,62.63147580
TS,wt_sds_15,0.3,0.25,0.75,0,10.000039,4721,37.65187533
TS,wt_sds_15,0.3,0.25,0.75,1,10.000010,4133,45.41732699
TS,wt_sds_15,0.3,0.25,0.75,2,10.000006,4688,38.08769149
TS,wt_sds_15,0.3,0.25,0.75,3,10.000023,4032,46.75118859
TS,wt_sds_15,0.3,0.25,0.75,4,10.000004,4660,38.45747491
TS,wt_sds_21,0.3,0.75,0.25,0,0.059125,0,100.00000000
TS,wt_sds_21,0.3,0.75,0.25,1,0.470927,0,100.00000000
TS,wt_sds_21,0.3,0.75,0.25,2,0.070085,0,100.00000000
TS,wt_sds_21,0.3,0.75,0.25,3,0.046783,0,100.00000000
TS,wt_sds_21,0.3,0.75,0.25,4,0.091612,0,100.00000000
TS,wt_sds_22,0.3,0.75,0.25,0,0.082286,0,100.00000000
TS,wt_sds_22,0.3,0.75,0.25,1,0.049098,0,100.00000000
TS,wt_sds_22,0.3,0.75,0.25,2,0.035997,0,100.00000000
TS,wt_sds_22,0.3,0.75,0.25,3,0.485748,0,100.00000000
TS,wt_sds_22,0.3,0.75,0.25,4,0.057112,0,100.00000000
TS,wt_sds_23,0.3,0.75,0.25,0,0.001896,0,0.00000000
TS,wt_sds_23,0.3,0.75,0.25,1,0.001704,0,0.00000000
TS,wt_sds_23,0.3,0.75,0.25,2,0.001641,0,0.00000000
TS,wt_sds_23,0.3,0.75,0.25,3,0.001975,0,0.00000000
TS,wt_sds_23,0.3,0.75,0.25,4,0.001634,0,0.00000000
TS,wt_sds_24,0.3,0.75,0.25,0,10.000012,1853,61.95853008
TS,wt_sds_24,0.3,0.75,0.25,1,10.000009,1693,65.24327653
TS,wt_sds_24,0.3,0.75,0.25,2,10.000009,1975,59.45391090
TS,wt_sds_24,0.3,0.75,0.25,3,10.000009,1655,66.02340382
TS,wt_sds_24,0.3,0.75,0.25,4,10.000011,2016,58.61219462
TS,wt_sds_25,0.3,0.75,0.25,0,4.082770,0,100.00000000
TS,wt_sds_25,0.3,0.75,0.25,1,7.054275,0,100.00000000
TS,wt_sds_25,0.3,0.75,0.25,2,0.812327,0,100.00000000
TS,wt_sds_25,0.3,0.75,0.25,3,2.665516,0,100.00000000
TS,wt_sds_25,0.3,0.75,0.25,4,2.049913,0,100.00000000
TS,wt_sds_31,0.3,0.75,0.75,0,0.006346,0,100.00000000
TS,wt_sds_31,0.3,0.75,0.75,1,0.011379,0,100.00000000
TS,wt_sds_31,0.3,0.75,0.75,2,0.005754,0,100.00000000
TS,wt_sds_31,0.3,0.75,0.75,3,0.005249,0,100.00000000
TS,wt_sds_31,0.3,0.75,0.75,4,0.005414,0,100.00000000
TS,wt_sds_32,0.3,0.75,0.75,0,0.104784,0,100.00000000
TS,wt_sds_32,0.3,0.75,0.75,1,0.248222,0,100.00000000
TS,wt_sds_32,0.3,0.75,0.75,2,0.223452,0,100.00000000
TS,wt_sds_32,0.3,0.75,0.75,3,0.056706,0,100.00000000
TS,wt_sds_32,0.3,0.75,0.75,4,0.145308,0,100.00000000
TS,wt_sds_33,0.3,0.75,0.75,0,0.048167,0,100.00000000
TS,wt_sds_33,0.3,0.75,0.75,1,0.012630,0,100.00000000
TS,wt_sds_33,0.3,0.75,0.75,2,0.549542,0,100.00000000
TS,wt_sds_33,0.3,0.75,0.75,3,0.016171,0,100.00000000
TS,wt_sds_33,0.3,0.75,0.75,4,0.024178,0,100.00000000
TS,wt_sds_34,0.3,0.75,0.75,0,0.001772,0,0.00000000
TS,wt_sds_34,0.3,0.75,0.75,1,0.001682,0,0.00000000
TS,wt_sds_34,0.3,0.75,0.75,2,0.001968,0,0.00000000
TS,wt_sds_34,0.3,0.75,0.75,3,0.003224,0,0.00000000
TS,wt_sds_34,0.3,0.75,0.75,4,0.002008,0,0.00000000
TS,wt_sds_35,0.3,0.75,0.75,0,0.001789,0,0.00000000
TS,wt_sds_35,0.3,0.75,0.75,1,0.001857,0,0.00000000
TS,wt_sds_35,0.3,0.75,0.75,2,0.001686,0,0.00000000
TS,wt_sds_35,0.3,0.75,0.75,3,0.001696,0,0.00000000
TS,wt_sds_35,0.3,0.75,0.75,4,0.003472,0,0.00000000
TS,wt_sds_81,0.9,0.25,0.25,0,10.000022,404073,0.07270623
TS,wt_sds_81,0.9,0.25,0.25,1,10.000005,404070,0.07344813
TS,wt_sds_81,0.9,0.25,0.25,2,10.000008,404073,0.07270623
TS,wt_sds_81,0.9,0.25,0.25,3,10.000009,403902,0.11499455
TS,wt_sds_81,0.9,0.25,0.25,4,10.000020,404070,0.07344813
TS,wt_sds_82,0.9,0.25,0.25,0,10.000012,425891,0.72864245
TS,wt_sds_82,0.9,0.25,0.25,1,10.000008,424667,1.01394583
TS,wt_sds_82,0.9,0.25,0.25,2,10.000015,426046,0.69251335
TS,wt_sds_82,0.9,0.25,0.25,3,10.000014,425108,0.91115270
TS,wt_sds_82,0.9,0.25,0.25,4,10.000019,426218,0.65242170
TS,wt_sds_83,0.9,0.25,0.25,0,10.000011,479798,0.06352803
TS,wt_sds_83,0.9,0.25,0.25,1,10.000010,479812,0.06061199
TS,wt_sds_83,0.9,0.25,0.25,2,10.000018,479798,0.06352803
TS,wt_sds_83,0.9,0.25,0.25,3,10.000006,479812,0.06061199
TS,wt_sds_83,0.9,0.25,0.25,4,10.000011,479912,0.03978313
TS,wt_sds_84,0.9,0.25,0.25,0,10.000009,340595,0.10998035
TS,wt_sds_84,0.9,0.25,0.25,1,10.000016,340581,0.11408628
TS,wt_sds_84,0.9,0.25,0.25,2,10.000005,340580,0.11437956
TS,wt_sds_84,0.9,0.25,0.25,3,10.000012,340580,0.11437956
TS,wt_sds_84,0.9,0.25,0.25,4,10.000015,340580,0.11437956
TS,wt_sds_85,0.9,0.25,0.25,0,10.000013,573196,0.27055194
TS,wt_sds_85,0.9,0.25,0.25,1,10.000010,573213,0.26759414
TS,wt_sds_85,0.9,0.25,0.25,2,10.000007,573291,0.25402305
TS,wt_sds_85,0.9,0.25,0.25,3,10.000007,573198,0.27020397
TS,wt_sds_85,0.9,0.25,0.25,4,10.000008,573198,0.27020397
TS,wt_sds_91,0.9,0.25,0.75,0,10.000588,355812,0.12911483
TS,wt_sds_91,0.9,0.25,0.75,1,10.000014,355729,0.15241164
TS,wt_sds_91,0.9,0.25,0.75,2,10.000012,355812,0.12911483
TS,wt_sds_91,0.9,0.25,0.75,3,10.000009,355729,0.15241164
TS,wt_sds_91,0.9,0.25,0.75,4,10.000007,355729,0.15241164
TS,wt_sds_92,0.9,0.25,0.75,0,10.000015,390582,0.00000000
TS,wt_sds_92,0.9,0.25,0.75,1,10.000013,390582,0.00000000
TS,wt_sds_92,0.9,0.25,0.75,2,10.000015,390582,0.00000000
TS,wt_sds_92,0.9,0.25,0.75,3,10.000010,390582,0.00000000
TS,wt_sds_92,0.9,0.25,0.75,4,10.000013,390511,0.01817800
TS,wt_sds_93,0.9,0.25,0.75,0,10.000007,431265,0.15326664
TS,wt_sds_93,0.9,0.25,0.75,1,10.000025,431537,0.09029304
TS,wt_sds_93,0.9,0.25,0.75,2,10.000014,430287,0.37969379
TS,wt_sds_93,0.9,0.25,0.75,3,10.000046,429961,0.45516951
TS,wt_sds_93,0.9,0.25,0.75,4,10.000036,431586,0.07894853
TS,wt_sds_94,0.9,0.25,0.75,0,10.000009,357538,0.05115719
TS,wt_sds_94,0.9,0.25,0.75,1,10.000023,357213,0.14201011
TS,wt_sds_94,0.9,0.25,0.75,2,10.000004,357538,0.05115719
TS,wt_sds_94,0.9,0.25,0.75,3,10.000008,357213,0.14201011
TS,wt_sds_94,0.9,0.25,0.75,4,10.000015,357069,0.18226495
TS,wt_sds_95,0.9,0.25,0.75,0,10.000006,567019,0.48911384
TS,wt_sds_95,0.9,0.25,0.75,1,10.000014,567019,0.48911384
TS,wt_sds_95,0.9,0.25,0.75,2,10.000012,567084,0.47770645
TS,wt_sds_95,0.9,0.25,0.75,3,10.000006,566207,0.63161848
TS,wt_sds_95,0.9,0.25,0.75,4,10.000020,567402,0.42189798
TS,wt_sds_101,0.9,0.75,0.25,0,10.000015,359764,0.85732001
TS,wt_sds_101,0.9,0.75,0.25,1,10.000029,360539,0.64374785
TS,wt_sds_101,0.9,0.75,0.25,2,10.000009,360249,0.72366517
TS,wt_sds_101,0.9,0.75,0.25,3,10.000028,359366,0.96699966
TS,wt_sds_101,0.9,0.75,0.25,4,10.000011,360303,0.70878402
TS,wt_sds_102,0.9,0.75,0.25,0,10.000011,498718,0.05210651
TS,wt_sds_102,0.9,0.75,0.25,1,10.000008,498818,0.03206554
TS,wt_sds_102,0.9,0.75,0.25,2,10.000008,498793,0.03707578
TS,wt_sds_102,0.9,0.75,0.25,3,10.000021,498818,0.03206554
TS,wt_sds_102,0.9,0.75,0.25,4,10.000015,498584,0.07896140
TS,wt_sds_103,0.9,0.75,0.25,0,10.000012,394504,1.36832868
TS,wt_sds_103,0.9,0.75,0.25,1,10.000012,394634,1.33582681
TS,wt_sds_103,0.9,0.75,0.25,2,10.000034,394504,1.36832868
TS,wt_sds_103,0.9,0.75,0.25,3,10.000011,394448,1.38232948
TS,wt_sds_103,0.9,0.75,0.25,4,10.000016,394448,1.38232948
TS,wt_sds_104,0.9,0.75,0.25,0,10.000010,367818,0.65765841
TS,wt_sds_104,0.9,0.75,0.25,1,10.000009,368058,0.59283787
TS,wt_sds_104,0.9,0.75,0.25,2,10.000014,368455,0.48561389
TS,wt_sds_104,0.9,0.75,0.25,3,10.000011,368087,0.58500539
TS,wt_sds_104,0.9,0.75,0.25,4,10.000010,368134,0.57231137
TS,wt_sds_105,0.9,0.75,0.25,0,10.000011,464804,0.05483175
TS,wt_sds_105,0.9,0.75,0.25,1,10.000027,464969,0.01935238
TS,wt_sds_105,0.9,0.75,0.25,2,10.000007,464969,0.01935238
TS,wt_sds_105,0.9,0.75,0.25,3,10.000007,464804,0.05483175
TS,wt_sds_105,0.9,0.75,0.25,4,10.000015,464804,0.05483175
TS,wt_sds_111,0.9,0.75,0.75,0,10.000008,364737,0.24941953
TS,wt_sds_111,0.9,0.75,0.75,1,10.000011,364475,0.32107294
TS,wt_sds_111,0.9,0.75,0.75,2,10.000009,364475,0.32107294
TS,wt_sds_111,0.9,0.75,0.75,3,10.000012,364648,0.27375981
TS,wt_sds_111,0.9,0.75,0.75,4,10.000010,364648,0.27375981
TS,wt_sds_112,0.9,0.75,0.75,0,10.000005,396865,1.50009059
TS,wt_sds_112,0.9,0.75,0.75,1,10.000007,396906,1.48991460
TS,wt_sds_112,0.9,0.75,0.75,2,10.000007,396497,1.59142635
TS,wt_sds_112,0.9,0.75,0.75,3,10.000009,396867,1.49959420
TS,wt_sds_112,0.9,0.75,0.75,4,10.000015,397509,1.34025301
TS,wt_sds_113,0.9,0.75,0.75,0,10.000004,267563,0.70363209
TS,wt_sds_113,0.9,0.75,0.75,1,10.000015,267563,0.70363209
TS,wt_sds_113,0.9,0.75,0.75,2,10.000012,267486,0.73220787
TS,wt_sds_113,0.9,0.75,0.75,3,10.000011,267486,0.73220787
TS,wt_sds_113,0.9,0.75,0.75,4,10.000006,267563,0.70363209
TS,wt_sds_114,0.9,0.75,0.75,0,10.000014,494861,0.00000000
TS,wt_sds_114,0.9,0.75,0.75,1,10.000010,494861,0.00000000
TS,wt_sds_114,0.9,0.75,0.75,2,10.000007,494861,0.00000000
TS,wt_sds_114,0.9,0.75,0.75,3,10.000008,494861,0.00000000
TS,wt_sds_114,0.9,0.75,0.75,4,10.000013,494849,0.00242492
TS,wt_sds_115,0.9,0.75,0.75,0,10.000006,493059,0.02858881
TS,wt_sds_115,0.9,0.75,0.75,1,10.000024,492796,0.08191403
TS,wt_sds_115,0.9,0.75,0.75,2,10.000014,492796,0.08191403
TS,wt_sds_115,0.9,0.75,0.75,3,10.000009,493016,0.03730738
TS,wt_sds_115,0.9,0.75,0.75,4,10.000015,492857,0.06954582
GVNS,wt_sds_1,0.3,0.25,0.25,0,10.000034,801,67.19901720
GVNS,wt_sds_1,0.3,0.25,0.25,1,10.000018,776,68.22276822
GVNS,wt_sds_1,0.3,0.25,0.25,2,10.000008,802,67.15806716
GVNS,wt_sds_1,0.3,0.25,0.25,3,10.000012,810,66.83046683
GVNS,wt_sds_1,0.3,0.25,0.25,4,10.000013,762,68.79606880
GVNS,wt_sds_2,0.3,0.25,0.25,0,10.000008,5847,55.32890213
GVNS,wt_sds_2,0.3,0.25,0.25,1,10.000007,5397,58.76690351
GVNS,wt_sds_2,0.3,0.25,0.25,2,10.000011,5652,56.81870273
GVNS,wt_sds_2,0.3,0.25,0.25,3,10.000008,5682,56.58950264
GVNS,wt_sds_2,0.3,0.25,0.25,4,10.000015,5472,58.19390328
GVNS,wt_sds_3,0.3,0.25,0.25,0,10.000013,1823,63.92242232
GVNS,wt_sds_3,0.3,0.25,0.25,1,10.000007,2074,58.95507619
GVNS,wt_sds_3,0.3,0.25,0.25,2,10.000014,1817,64.04116367
GVNS,wt_sds_3,0.3,0.25,0.25,3,10.000010,2050,59.43004156
GVNS,wt_sds_3,0.3,0.25,0.25,4,10.000004,1906,62.27983376
GVNS,wt_sds_4,0.3,0.25,0.25,0,10.000012,6690,58.58867224
GVNS,wt_sds_4,0.3,0.25,0.25,1,10.000006,6926,57.12782420
GVNS,wt_sds_4,0.3,0.25,0.25,2,10.000012,7028,56.49644073
GVNS,wt_sds_4,0.3,0.25,0.25,3,10.000010,7369,54.38563912
GVNS,wt_sds_4,0.3,0.25,0.25,4,10.000007,7208,55.38223460
GVNS,wt_sds_5,0.3,0.25,0.25,0,10.000046,5053,50.10368322
GVNS,wt_sds_5,0.3,0.25,0.25,1,10.000012,4909,51.52562457
GVNS,wt_sds_5,0.3,0.25,0.25,2,10.000008,5152,49.12609855
GVNS,wt_sds_5,0.3,0.25,0.25,3,10.000006,4990,50.72578256
GVNS,wt_sds_5,0.3,0.25,0.25,4,10.000007,5026,50.37029723
GVNS,wt_sds_11,0.3,0.25,0.75,0,10.000013,5199,69.00190794
GVNS,wt_sds_11,0.3,0.25,0.75,1,10.000040,4527,73.00858574
GVNS,wt_sds_11,0.3,0.25,0.75,2,10.000010,5156,69.25828762
GVNS,wt_sds_11,0.3,0.25,0.75,3,10.000014,5051,69.88433103
GVNS,wt_sds_11,0.3,0.25,0.75,4,10.000008,4978,70.31958025
GVNS,wt_sds_12,0.3,0.25,0.75,0,10.000005,0,100.00000000
GVNS,wt_sds_12,0.3,0.25,0.75,1,10.000015,0,100.00000000
GVNS,wt_sds_12,0.3,0.25,0.75,2,10.000011,0,100.00000000
GVNS,wt_sds_12,0.3,0.25,0.75,3,10.000006,0,100.00000000
GVNS,wt_sds_12,0.3,0.25,0.75,4,10.000004,0,100.00000000
GVNS,wt_sds_13,0.3,0.25,0.75,0,10.000009,5832,49.53271028
GVNS,wt_sds_13,0.3,0.25,0.75,1,10.000020,5611,51.44513673
GVNS,wt_sds_13,0.3,0.25,0.75,2,10.000028,6170,46.60782278
GVNS,wt_sds_13,0.3,0.25,0.75,3,10.000015,6478,43.94254067
GVNS,wt_sds_13,0.3,0.25,0.75,4,10.000016,6546,43.35410177
GVNS,wt_sds_14,0.3,0.25,0.75,0,10.000008,4353,71.56203044
GVNS,wt_sds_14,0.3,0.25,0.75,1,10.000006,3777,75.32501470
GVNS,wt_sds_14,0.3,0.25,0.75,2,10.000010,3446,77.48742405
GVNS,wt_sds_14,0.3,0.25,0.75,3,10.000013,3574,76.65120533
GVNS,wt_sds_14,0.3,0.25,0.75,4,10.000014,3871,74.71091657
GVNS,wt_sds_15,0.3,0.25,0.75,0,10.000005,2829,62.63866878
GVNS,wt_sds_15,0.3,0.25,0.75,1,10.000006,1636,78.39408347
GVNS,wt_sds_15,0.3,0.25,0.75,2,10.000009,3009,60.26148970
GVNS,wt_sds_15,0.3,0.25,0.75,3,10.000021,2424,67.98732171
GVNS,wt_sds_15,0.3,0.25,0.75,4,10.000013,1883,75.13206550
GVNS,wt_sds_21,0.3,0.75,0.25,0,10.000013,0,100.00000000
GVNS,wt_sds_21,0.3,0.75,0.25,1,10.000018,0,100.00000000
GVNS,wt_sds_21,0.3,0.75,0.25,2,10.000006,0,100.00000000
GVNS,wt_sds_21,0.3,0.75,0.25,3,10.000013,0,100.00000000
GVNS,wt_sds_21,0.3,0.75,0.25,4,10.000014,0,100.00000000
GVNS,wt_sds_22,0.3,0.75,0.25,0,10.000006,0,100.00000000
GVNS,wt_sds_22,0.3,0.75,0.25,1,10.000009,0,100.00000000
GVNS,wt_sds_22,0.3,0.75,0.25,2,10.000010,0,100.00000000
GVNS,wt_sds_22,0.3,0.75,0.25,3,10.000014,0,100.00000000
GVNS,wt_sds_22,0.3,0.75,0.25,4,10.000011,0,100.00000000
GVNS,wt_sds_23,0.3,0.75,0.25,0,10.000015,0,0.00000000
GVNS,wt_sds_23,0.3,0.75,0.25,1,10.000010,0,0.00000000
GVNS,wt_sds_23,0.3,0.75,0.25,2,10.000013,0,0.00000000
GVNS,wt_sds_23,0.3,0.75,0.25,3,10.000011,0,0.00000000
GVNS,wt_sds_23,0.3,0.75,0.25,4,10.000012,0,0.00000000
GVNS,wt_sds_24,0.3,0.75,0.25,0,10.000009,1103,77.35577910
GVNS,wt_sds_24,0.3,0.75,0.25,1,10.000010,1119,77.02730445
GVNS,wt_sds_24,0.3,0.75,0.25,2,10.000006,1113,77.15048245
GVNS,wt_sds_24,0.3,0.75,0.25,3,10.000007,1110,77.21207144
GVNS,wt_sds_24,0.3,0.75,0.25,4,10.000009,1119,77.02730445
GVNS,wt_sds_25,0.3,0.75,0.25,0,10.000005,0,100.00000000
GVNS,wt_sds_25,0.3,0.75,0.25,1,10.000011,0,100.00000000
GVNS,wt_sds_25,0.3,0.75,0.25,2,10.000012,0,100.00000000
GVNS,wt_sds_25,0.3,0.75,0.25,3,10.000014,0,100.00000000
GVNS,wt_sds_25,0.3,0.75,0.25,4,10.000024,0,100.00000000
GVNS,wt_sds_31,0.3,0.75,0.75,0,10.000010,0,100.00000000
GVNS,wt_sds_31,0.3,0.75,0.75,1,10.000009,0,100.00000000
GVNS,wt_sds_31,0.3,0.75,0.75,2,10.000019,0,100.00000000
GVNS,wt_sds_31,0.3,0.75,0.75,3,10.000022,0,100.00000000
GVNS,wt_sds_31,0.3,0.75,0.75,4,10.000016,0,100.00000000
GVNS,wt_sds_32,0.3,0.75,0.75,0,10.000038,0,100.00000000
GVNS,wt_sds_32,0.3,0.75,0.75,1,10.000025,0,100.00000000
GVNS,wt_sds_32,0.3,0.75,0.75,2,10.000013,0,100.00000000
GVNS,wt_sds_32,0.3,0.75,0.75,3,10.000036,0,100.00000000
GVNS,wt_sds_32,0.3,0.75,0.75,4,10.000006,0,100.00000000
GVNS,wt_sds_33,0.3,0.75,0.75,0,10.000007,0,100.00000000
GVNS,wt_sds_33,0.3,0.75,0.75,1,10.000006,0,100.00000000
GVNS,wt_sds_33,0.3,0.75,0.75,2,10.000013,0,100.00000000
GVNS,wt_sds_33,0.3,0.75,0.75,3,10.000024,0,100.00000000
GVNS,wt_sds_33,0.3,0.75,0.75,4,10.000012,0,100.00000000
GVNS,wt_sds_34,0.3,0.75,0.75,0,10.000009,0,0.00000000
GVNS,wt_sds_34,0.3,0.75,0.75,1,10.000011,0,0.00000000
GVNS,wt_sds_34,0.3,0.75,0.75,2,10.000013,0,0.00000000
GVNS,wt_sds_34,0.3,0.75,0.75,3,10.000013,0,0.00000000
GVNS,wt_sds_34,0.3,0.75,0.75,4,10.000017,0,0.00000000
GVNS,wt_sds_35,0.3,0.75,0.75,0,10.000010,0,0.00000000
GVNS,wt_sds_35,0.3,0.75,0.75,1,10.000005,0,0.00000000
GVNS,wt_sds_35,0.3,0.75,0.75,2,10.000008,0,0.00000000
GVNS,wt_sds_35,0.3,0.75,0.75,3,10.000009,0,0.00000000
GVNS,wt_sds_35,0.3,0.75,0.75,4,10.000012,0,0.00000000
GVNS,wt_sds_81,0.9,0.25,0.25,0,10.000016,390495,3.43054700
GVNS,wt_sds_81,0.9,0.25,0.25,1,10.000012,390086,3.53169274
GVNS,wt_sds_81,0.9,0.25,0.25,2,10.000017,390941,3.32025116
GVNS,wt_sds_81,0.9,0.25,0.25,3,10.000010,390467,3.43747141
GVNS,wt_sds_81,0.9,0.25,0.25,4,10.000008,390206,3.50201673
GVNS,wt_sds_82,0.9,0.25,0.25,0,10.000014,415591,3.12947972
GVNS,wt_sds_82,0.9,0.25,0.25,1,10.000010,414717,3.33320125
GVNS,wt_sds_82,0.9,0.25,0.25,2,10.000014,412949,3.74530613
GVNS,wt_sds_82,0.9,0.25,0.25,3,10.000004,416321,2.95932329
GVNS,wt_sds_82,0.9,0.25,0.25,4,10.000018,414069,3.48424421
GVNS,wt_sds_83,0.9,0.25,0.25,0,10.000014,469741,2.15828687
GVNS,wt_sds_83,0.9,0.25,0.25,1,10.000015,468238,2.47134469
GVNS,wt_sds_83,0.9,0.25,0.25,2,10.000011,469172,2.27680310
GVNS,wt_sds_83,0.9,0.25,0.25,3,10.000008,466707,2.79023460
GVNS,wt_sds_83,0.9,0.25,0.25,4,10.000006,468759,2.36282631
GVNS,wt_sds_84,0.9,0.25,0.25,0,10.000012,330762,2.99381177
GVNS,wt_sds_84,0.9,0.25,0.25,1,10.000007,331602,2.74745579
GVNS,wt_sds_84,0.9,0.25,0.25,2,10.000016,331690,2.72164707
GVNS,wt_sds_84,0.9,0.25,0.25,3,10.000009,331509,2.77473091
GVNS,wt_sds_84,0.9,0.25,0.25,4,10.000033,331374,2.81432384
GVNS,wt_sds_85,0.9,0.25,0.25,0,10.000010,558173,2.88437950
GVNS,wt_sds_85,0.9,0.25,0.25,1,10.000017,562919,2.05863061
GVNS,wt_sds_85,0.9,0.25,0.25,2,10.000013,562500,2.13153174
GVNS,wt_sds_85,0.9,0.25,0.25,3,10.000031,560779,2.43096576
GVNS,wt_sds_85,0.9,0.25,0.25,4,10.000011,562177,2.18772999
GVNS,wt_sds_91,0.9,0.25,0.75,0,10.000009,346866,2.64011766
GVNS,wt_sds_91,0.9,0.25,0.75,1,10.000014,350061,1.74333094
GVNS,wt_sds_91,0.9,0.25,0.75,2,10.000006,345222,3.10156285
GVNS,wt_sds_91,0.9,0.25,0.75,3,10.000012,346270,2.80740558
GVNS,wt_sds_91,0.9,0.25,0.75,4,10.000011,350524,1.61337405
GVNS,wt_sds_92,0.9,0.25,0.75,0,10.000010,371624,4.85378230
GVNS,wt_sds_92,0.9,0.25,0.75,1,10.000011,369192,5.47644285
GVNS,wt_sds_92,0.9,0.25,0.75,2,10.000010,369883,5.29952737
GVNS,wt_sds_92,0.9,0.25,0.75,3,10.000024,366480,6.17079128
GVNS,wt_sds_92,0.9,0.25,0.75,4,10.000012,373561,4.35785571
GVNS,wt_sds_93,0.9,0.25,0.75,0,10.000006,410803,4.89064124
GVNS,wt_sds_93,0.9,0.25,0.75,1,10.000008,418156,3.18827024
GVNS,wt_sds_93,0.9,0.25,0.75,2,10.000007,424125,1.80632375
GVNS,wt_sds_93,0.9,0.25,0.75,3,10.000022,424911,1.62434856
GVNS,wt_sds_93,0.9,0.25,0.75,4,10.000011,417106,3.43136687
GVNS,wt_sds_94,0.9,0.25,0.75,0,10.000005,348891,2.46840415
GVNS,wt_sds_94,0.9,0.25,0.75,1,10.000014,349834,2.20479088
GVNS,wt_sds_94,0.9,0.25,0.75,2,10.000022,352563,1.44190584
GVNS,wt_sds_94,0.9,0.25,0.75,3,10.000008,350617,1.98590522
GVNS,wt_sds_94,0.9,0.25,0.75,4,10.000009,348190,2.66436692
GVNS,wt_sds_95,0.9,0.25,0.75,0,10.000006,527551,7.41568183
GVNS,wt_sds_95,0.9,0.25,0.75,1,10.000005,543449,4.62560942
GVNS,wt_sds_95,0.9,0.25,0.75,2,10.000005,541813,4.91272468
GVNS,wt_sds_95,0.9,0.25,0.75,3,10.000016,530134,6.96236965
GVNS,wt_sds_95,0.9,0.25,0.75,4,10.000014,528261,7.29107802
GVNS,wt_sds_101,0.9,0.75,0.25,0,10.000045,355803,1.94888047
GVNS,wt_sds_101,0.9,0.75,0.25,1,10.000004,355199,2.11532897
GVNS,wt_sds_101,0.9,0.75,0.25,2,10.000006,354420,2.33000344
GVNS,wt_sds_101,0.9,0.75,0.25,3,10.000007,356825,1.66724079
GVNS,wt_sds_101,0.9,0.75,0.25,4,10.000004,356629,1.72125388
GVNS,wt_sds_102,0.9,0.75,0.25,0,10.000024,496531,0.49040238
GVNS,wt_sds_102,0.9,0.75,0.25,1,10.000014,496577,0.48118354
GVNS,wt_sds_102,0.9,0.75,0.25,2,10.000009,498149,0.16613959
GVNS,wt_sds_102,0.9,0.75,0.25,3,10.000007,496622,0.47216511
GVNS,wt_sds_102,0.9,0.75,0.25,4,10.000019,496246,0.54751913
GVNS,wt_sds_103,0.9,0.75,0.25,0,10.000014,382552,4.35650050
GVNS,wt_sds_103,0.9,0.75,0.25,1,10.000012,384320,3.91447508
GVNS,wt_sds_103,0.9,0.75,0.25,2,10.000008,379238,5.18504814
GVNS,wt_sds_103,0.9,0.75,0.25,3,10.000006,379519,5.11479410
GVNS,wt_sds_103,0.9,0.75,0.25,4,10.000013,384129,3.96222783
GVNS,wt_sds_104,0.9,0.75,0.25,0,10.000016,360701,2.57985756
GVNS,wt_sds_104,0.9,0.75,0.25,1,10.000014,363314,1.87412391
GVNS,wt_sds_104,0.9,0.75,0.25,2,10.000014,362981,1.96406241
GVNS,wt_sds_104,0.9,0.75,0.25,3,10.000011,360695,2.58147807
GVNS,wt_sds_104,0.9,0.75,0.25,4,10.000016,360238,2.70490719
GVNS,wt_sds_105,0.9,0.75,0.25,0,10.000010,451431,2.93038088
GVNS,wt_sds_105,0.9,0.75,0.25,1,10.000006,453497,2.48613617
GVNS,wt_sds_105,0.9,0.75,0.25,2,10.000014,455181,2.12403157
GVNS,wt_sds_105,0.9,0.75,0.25,3,10.000009,455942,1.96039642
GVNS,wt_sds_105,0.9,0.75,0.25,4,10.000019,453752,2.43130442
GVNS,wt_sds_111,0.9,0.75,0.75,0,10.000007,350267,4.20676660
GVNS,wt_sds_111,0.9,0.75,0.75,1,10.000008,349290,4.47396273
GVNS,wt_sds_111,0.9,0.75,0.75,2,10.000016,347268,5.02695208
GVNS,wt_sds_111,0.9,0.75,0.75,3,10.000029,352316,3.64639313
GVNS,wt_sds_111,0.9,0.75,0.75,4,10.000007,345668,5.46453019
GVNS,wt_sds_112,0.9,0.75,0.75,0,10.000017,376107,6.65212244
GVNS,wt_sds_112,0.9,0.75,0.75,1,10.000011,375413,6.82436977
GVNS,wt_sds_112,0.9,0.75,0.75,2,10.000017,374236,7.11649529
GVNS,wt_sds_112,0.9,0.75,0.75,3,10.000005,377589,6.28429745
GVNS,wt_sds_112,0.9,0.75,0.75,4,10.000005,382264,5.12398581
GVNS,wt_sds_113,0.9,0.75,0.75,0,10.000004,260872,3.18675568
GVNS,wt_sds_113,0.9,0.75,0.75,1,10.000007,264391,1.88080561
GVNS,wt_sds_113,0.9,0.75,0.75,2,10.000034,264752,1.74683347
GVNS,wt_sds_113,0.9,0.75,0.75,3,10.000003,263157,2.33876026
GVNS,wt_sds_113,0.9,0.75,0.75,4,10.000007,264131,1.97729525
GVNS,wt_sds_114,0.9,0.75,0.75,0,10.000004,475932,3.82511453
GVNS,wt_sds_114,0.9,0.75,0.75,1,10.000009,473290,4.35900182
GVNS,wt_sds_114,0.9,0.75,0.75,2,10.000015,477652,3.47754218
GVNS,wt_sds_114,0.9,0.75,0.75,3,10.000006,476407,3.72912798
GVNS,wt_sds_114,0.9,0.75,0.75,4,10.000012,473770,4.26200489
GVNS,wt_sds_115,0.9,0.75,0.75,0,10.000010,473447,4.00506894
GVNS,wt_sds_115,0.9,0.75,0.75,1,10.000013,474565,3.77838605
GVNS,wt_sds_115,0.9,0.75,0.75,2,10.000017,478868,2.90592052
GVNS,wt_sds_115,0.9,0.75,0.75,3,10.000013,478649,2.95032441
GVNS,wt_sds_115,0.9,0.75,0.75,4,10.000005,473178,4.05961071
