algorithm,config_id,instance,class_id,tau,R,eta,seed,cooling_rate,population_size,mutation_rate,tournament_size,tabu_tenure,neighborhood_sample,differential_weight,swarm_size,inertia_probability,alpha,beta,evaporation_rate,runtime_sec,ATCS_twt,best_twt,improvement_vs_ATCS
ACO,ACO_A1_B2_ER0p1,wt_sds_6,C01,0.3,0.25,0.25,0,,,,,,,,,,1,2,0.1,10.003276,19733,8935,54.72051893
ACO,ACO_A1_B2_ER0p1,wt_sds_6,C01,0.3,0.25,0.25,1,,,,,,,,,,1,2,0.1,10.003363,19733,8477,57.04150408
ACO,ACO_A1_B2_ER0p1,wt_sds_6,C01,0.3,0.25,0.25,2,,,,,,,,,,1,2,0.1,10.002308,19733,10040,49.12076218
ACO,ACO_A1_B2_ER0p1,wt_sds_16,C02,0.3,0.25,0.75,0,,,,,,,,,,1,2,0.1,10.002854,11659,7046,39.56600051
ACO,ACO_A1_B2_ER0p1,wt_sds_16,C02,0.3,0.25,0.75,1,,,,,,,,,,1,2,0.1,10.004178,11659,6258,46.32472768
ACO,ACO_A1_B2_ER0p1,wt_sds_16,C02,0.3,0.25,0.75,2,,,,,,,,,,1,2,0.1,10.002168,11659,6729,42.28493010
ACO,ACO_A1_B2_ER0p1,wt_sds_26,C03,0.3,0.75,0.25,0,,,,,,,,,,1,2,0.1,10.002053,1885,141,92.51989390
ACO,ACO_A1_B2_ER0p1,wt_sds_26,C03,0.3,0.75,0.25,1,,,,,,,,,,1,2,0.1,10.001909,1885,258,86.31299735
ACO,ACO_A1_B2_ER0p1,wt_sds_26,C03,0.3,0.75,0.25,2,,,,,,,,,,1,2,0.1,1.593692,1885,0,100.00000000
ACO,ACO_A1_B2_ER0p1,wt_sds_36,C04,0.3,0.75,0.75,0,,,,,,,,,,1,2,0.1,0.150468,234,0,100.00000000
ACO,ACO_A1_B2_ER0p1,wt_sds_36,C04,0.3,0.75,0.75,1,,,,,,,,,,1,2,0.1,0.084849,234,0,100.00000000
ACO,ACO_A1_B2_ER0p1,wt_sds_36,C04,0.3,0.75,0.75,2,,,,,,,,,,1,2,0.1,0.009866,234,0,100.00000000
ACO,ACO_A1_B2_ER0p1,wt_sds_86,C05,0.9,0.25,0.25,0,,,,,,,,,,1,2,0.1,10.001541,372509,372500,0.00241605
ACO,ACO_A1_B2_ER0p1,wt_sds_86,C05,0.9,0.25,0.25,1,,,,,,,,,,1,2,0.1,10.001072,372509,372509,0.00000000
ACO,ACO_A1_B2_ER0p1,wt_sds_86,C05,0.9,0.25,0.25,2,,,,,,,,,,1,2,0.1,10.000299,372509,372500,0.00241605
ACO,ACO_A1_B2_ER0p1,wt_sds_96,C06,0.9,0.25,0.75,0,,,,,,,,,,1,2,0.1,10.004490,486726,486610,0.02383271
ACO,ACO_A1_B2_ER0p1,wt_sds_96,C06,0.9,0.25,0.75,1,,,,,,,,,,1,2,0.1,10.002985,486726,473489,2.71959994
ACO,ACO_A1_B2_ER0p1,wt_sds_96,C06,0.9,0.25,0.75,2,,,,,,,,,,1,2,0.1,10.000981,486726,470346,3.36534313
ACO,ACO_A1_B2_ER0p1,wt_sds_106,C07,0.9,0.75,0.25,0,,,,,,,,,,1,2,0.1,10.000904,468511,467753,0.16178916
ACO,ACO_A1_B2_ER0p1,wt_sds_106,C07,0.9,0.75,0.25,1,,,,,,,,,,1,2,0.1,10.002380,468511,466460,0.43776987
ACO,ACO_A1_B2_ER0p1,wt_sds_106,C07,0.9,0.75,0.25,2,,,,,,,,,,1,2,0.1,10.000718,468511,468490,0.00448229
ACO,ACO_A1_B2_ER0p1,wt_sds_116,C08,0.9,0.75,0.75,0,,,,,,,,,,1,2,0.1,10.002145,555895,551870,0.72405760
ACO,ACO_A1_B2_ER0p1,wt_sds_116,C08,0.9,0.75,0.75,1,,,,,,,,,,1,2,0.1,10.003246,555895,555544,0.06314142
ACO,ACO_A1_B2_ER0p1,wt_sds_116,C08,0.9,0.75,0.75,2,,,,,,,,,,1,2,0.1,10.002144,555895,555895,0.00000000
ACO,ACO_A1_B2_ER0p3,wt_sds_6,C01,0.3,0.25,0.25,0,,,,,,,,,,1,2,0.3,10.001044,19733,9527,51.72046825
ACO,ACO_A1_B2_ER0p3,wt_sds_6,C01,0.3,0.25,0.25,1,,,,,,,,,,1,2,0.3,10.003923,19733,9381,52.46034561
ACO,ACO_A1_B2_ER0p3,wt_sds_6,C01,0.3,0.25,0.25,2,,,,,,,,,,1,2,0.3,10.002241,19733,10680,45.87746415
ACO,ACO_A1_B2_ER0p3,wt_sds_16,C02,0.3,0.25,0.75,0,,,,,,,,,,1,2,0.3,10.001116,11659,7511,35.57766532
ACO,ACO_A1_B2_ER0p3,wt_sds_16,C02,0.3,0.25,0.75,1,,,,,,,,,,1,2,0.3,10.004287,11659,7341,37.03576636
ACO,ACO_A1_B2_ER0p3,wt_sds_16,C02,0.3,0.25,0.75,2,,,,,,,,,,1,2,0.3,10.000769,11659,7095,39.14572433
ACO,ACO_A1_B2_ER0p3,wt_sds_26,C03,0.3,0.75,0.25,0,,,,,,,,,,1,2,0.3,10.004084,1885,44,97.66578249
ACO,ACO_A1_B2_ER0p3,wt_sds_26,C03,0.3,0.75,0.25,1,,,,,,,,,,1,2,0.3,10.000943,1885,535,71.61803714
ACO,ACO_A1_B2_ER0p3,wt_sds_26,C03,0.3,0.75,0.25,2,,,,,,,,,,1,2,0.3,0.759977,1885,0,100.00000000
ACO,ACO_A1_B2_ER0p3,wt_sds_36,C04,0.3,0.75,0.75,0,,,,,,,,,,1,2,0.3,0.146381,234,0,100.00000000
ACO,ACO_A1_B2_ER0p3,wt_sds_36,C04,0.3,0.75,0.75,1,,,,,,,,,,1,2,0.3,0.082143,234,0,100.00000000
ACO,ACO_A1_B2_ER0p3,wt_sds_36,C04,0.3,0.75,0.75,2,,,,,,,,,,1,2,0.3,0.007063,234,0,100.00000000
ACO,ACO_A1_B2_ER0p3,wt_sds_86,C05,0.9,0.25,0.25,0,,,,,,,,,,1,2,0.3,10.003987,372509,372509,0.00000000
ACO,ACO_A1_B2_ER0p3,wt_sds_86,C05,0.9,0.25,0.25,1,,,,,,,,,,1,2,0.3,10.004614,372509,372509,0.00000000
ACO,ACO_A1_B2_ER0p3,wt_sds_86,C05,0.9,0.25,0.25,2,,,,,,,,,,1,2,0.3,10.005195,372509,372500,0.00241605
ACO,ACO_A1_B2_ER0p3,wt_sds_96,C06,0.9,0.25,0.75,0,,,,,,,,,,1,2,0.3,10.005805,486726,476572,2.08618401
ACO,ACO_A1_B2_ER0p3,wt_sds_96,C06,0.9,0.25,0.75,1,,,,,,,,,,1,2,0.3,10.003949,486726,486334,0.08053813
ACO,ACO_A1_B2_ER0p3,wt_sds_96,C06,0.9,0.25,0.75,2,,,,,,,,,,1,2,0.3,10.003641,486726,486208,0.10642538
ACO,ACO_A1_B2_ER0p3,wt_sds_106,C07,0.9,0.75,0.25,0,,,,,,,,,,1,2,0.3,10.002247,468511,468511,0.00000000
ACO,ACO_A1_B2_ER0p3,wt_sds_106,C07,0.9,0.75,0.25,1,,,,,,,,,,1,2,0.3,10.002412,468511,468490,0.00448229
ACO,ACO_A1_B2_ER0p3,wt_sds_106,C07,0.9,0.75,0.25,2,,,,,,,,,,1,2,0.3,10.002990,468511,468490,0.00448229
ACO,ACO_A1_B2_ER0p3,wt_sds_116,C08,0.9,0.75,0.75,0,,,,,,,,,,1,2,0.3,10.005555,555895,555544,0.06314142
ACO,ACO_A1_B2_ER0p3,wt_sds_116,C08,0.9,0.75,0.75,1,,,,,,,,,,1,2,0.3,10.001646,555895,555895,0.00000000
ACO,ACO_A1_B2_ER0p3,wt_sds_116,C08,0.9,0.75,0.75,2,,,,,,,,,,1,2,0.3,10.001198,555895,555438,0.08220977
ACO,ACO_A1_B4_ER0p1,wt_sds_6,C01,0.3,0.25,0.25,0,,,,,,,,,,1,4,0.1,10.001209,19733,8855,55.12593118
ACO,ACO_A1_B4_ER0p1,wt_sds_6,C01,0.3,0.25,0.25,1,,,,,,,,,,1,4,0.1,10.002177,19733,9102,53.87422085
ACO,ACO_A1_B4_ER0p1,wt_sds_6,C01,0.3,0.25,0.25,2,,,,,,,,,,1,4,0.1,10.004056,19733,8411,57.37596919
ACO,ACO_A1_B4_ER0p1,wt_sds_16,C02,0.3,0.25,0.75,0,,,,,,,,,,1,4,0.1,10.002812,11659,6550,43.82022472
ACO,ACO_A1_B4_ER0p1,wt_sds_16,C02,0.3,0.25,0.75,1,,,,,,,,,,1,4,0.1,10.002750,11659,7319,37.22446179
ACO,ACO_A1_B4_ER0p1,wt_sds_16,C02,0.3,0.25,0.75,2,,,,,,,,,,1,4,0.1,10.004001,11659,7286,37.50750493
ACO,ACO_A1_B4_ER0p1,wt_sds_26,C03,0.3,0.75,0.25,0,,,,,,,,,,1,4,0.1,10.004669,1885,323,82.86472149
ACO,ACO_A1_B4_ER0p1,wt_sds_26,C03,0.3,0.75,0.25,1,,,,,,,,,,1,4,0.1,2.929360,1885,0,100.00000000
ACO,ACO_A1_B4_ER0p1,wt_sds_26,C03,0.3,0.75,0.25,2,,,,,,,,,,1,4,0.1,10.001146,1885,326,82.70557029
ACO,ACO_A1_B4_ER0p1,wt_sds_36,C04,0.3,0.75,0.75,0,,,,,,,,,,1,4,0.1,0.018748,234,0,100.00000000
ACO,ACO_A1_B4_ER0p1,wt_sds_36,C04,0.3,0.75,0.75,1,,,,,,,,,,1,4,0.1,0.089249,234,0,100.00000000
ACO,ACO_A1_B4_ER0p1,wt_sds_36,C04,0.3,0.75,0.75,2,,,,,,,,,,1,4,0.1,0.127681,234,0,100.00000000
ACO,ACO_A1_B4_ER0p1,wt_sds_86,C05,0.9,0.25,0.25,0,,,,,,,,,,1,4,0.1,10.001842,372509,370905,0.43059362
ACO,ACO_A1_B4_ER0p1,wt_sds_86,C05,0.9,0.25,0.25,1,,,,,,,,,,1,4,0.1,10.002327,372509,371015,0.40106414
ACO,ACO_A1_B4_ER0p1,wt_sds_86,C05,0.9,0.25,0.25,2,,,,,,,,,,1,4,0.1,10.002369,372509,370905,0.43059362
ACO,ACO_A1_B4_ER0p1,wt_sds_96,C06,0.9,0.25,0.75,0,,,,,,,,,,1,4,0.1,10.003981,486726,473662,2.68405633
ACO,ACO_A1_B4_ER0p1,wt_sds_96,C06,0.9,0.25,0.75,1,,,,,,,,,,1,4,0.1,10.002232,486726,463746,4.72134219
ACO,ACO_A1_B4_ER0p1,wt_sds_96,C06,0.9,0.25,0.75,2,,,,,,,,,,1,4,0.1,10.001904,486726,472337,2.95628341
ACO,ACO_A1_B4_ER0p1,wt_sds_106,C07,0.9,0.75,0.25,0,,,,,,,,,,1,4,0.1,10.001154,468511,463168,1.14042146
ACO,ACO_A1_B4_ER0p1,wt_sds_106,C07,0.9,0.75,0.25,1,,,,,,,,,,1,4,0.1,10.001636,468511,464831,0.78546715
ACO,ACO_A1_B4_ER0p1,wt_sds_106,C07,0.9,0.75,0.25,2,,,,,,,,,,1,4,0.1,10.002426,468511,461009,1.60124309
ACO,ACO_A1_B4_ER0p1,wt_sds_116,C08,0.9,0.75,0.75,0,,,,,,,,,,1,4,0.1,10.001204,555895,542942,2.33011630
ACO,ACO_A1_B4_ER0p1,wt_sds_116,C08,0.9,0.75,0.75,1,,,,,,,,,,1,4,0.1,10.001341,555895,549688,1.11657777
ACO,ACO_A1_B4_ER0p1,wt_sds_116,C08,0.9,0.75,0.75,2,,,,,,,,,,1,4,0.1,10.003041,555895,546877,1.62224881
ACO,ACO_A1_B4_ER0p3,wt_sds_6,C01,0.3,0.25,0.25,0,,,,,,,,,,1,4,0.3,10.001539,19733,9226,53.24583186
ACO,ACO_A1_B4_ER0p3,wt_sds_6,C01,0.3,0.25,0.25,1,,,,,,,,,,1,4,0.3,10.003447,19733,10010,49.27279177
ACO,ACO_A1_B4_ER0p3,wt_sds_6,C01,0.3,0.25,0.25,2,,,,,,,,,,1,4,0.3,10.002051,19733,9281,52.96711093
ACO,ACO_A1_B4_ER0p3,wt_sds_16,C02,0.3,0.25,0.75,0,,,,,,,,,,1,4,0.3,10.003856,11659,6887,40.92975384
ACO,ACO_A1_B4_ER0p3,wt_sds_16,C02,0.3,0.25,0.75,1,,,,,,,,,,1,4,0.3,10.004271,11659,7319,37.22446179
ACO,ACO_A1_B4_ER0p3,wt_sds_16,C02,0.3,0.25,0.75,2,,,,,,,,,,1,4,0.3,10.002922,11659,7731,33.69071104
ACO,ACO_A1_B4_ER0p3,wt_sds_26,C03,0.3,0.75,0.25,0,,,,,,,,,,1,4,0.3,10.003235,1885,24,98.72679045
ACO,ACO_A1_B4_ER0p3,wt_sds_26,C03,0.3,0.75,0.25,1,,,,,,,,,,1,4,0.3,10.001482,1885,346,81.64456233
ACO,ACO_A1_B4_ER0p3,wt_sds_26,C03,0.3,0.75,0.25,2,,,,,,,,,,1,4,0.3,10.000845,1885,315,83.28912467
ACO,ACO_A1_B4_ER0p3,wt_sds_36,C04,0.3,0.75,0.75,0,,,,,,,,,,1,4,0.3,0.013692,234,0,100.00000000
ACO,ACO_A1_B4_ER0p3,wt_sds_36,C04,0.3,0.75,0.75,1,,,,,,,,,,1,4,0.3,0.081857,234,0,100.00000000
ACO,ACO_A1_B4_ER0p3,wt_sds_36,C04,0.3,0.75,0.75,2,,,,,,,,,,1,4,0.3,0.099340,234,0,100.00000000
ACO,ACO_A1_B4_ER0p3,wt_sds_86,C05,0.9,0.25,0.25,0,,,,,,,,,,1,4,0.3,10.002518,372509,371168,0.35999130
ACO,ACO_A1_B4_ER0p3,wt_sds_86,C05,0.9,0.25,0.25,1,,,,,,,,,,1,4,0.3,10.004568,372509,371375,0.30442218
ACO,ACO_A1_B4_ER0p3,wt_sds_86,C05,0.9,0.25,0.25,2,,,,,,,,,,1,4,0.3,10.002584,372509,371336,0.31489172
ACO,ACO_A1_B4_ER0p3,wt_sds_96,C06,0.9,0.25,0.75,0,,,,,,,,,,1,4,0.3,10.002859,486726,473708,2.67460542
ACO,ACO_A1_B4_ER0p3,wt_sds_96,C06,0.9,0.25,0.75,1,,,,,,,,,,1,4,0.3,10.002542,486726,473498,2.71775085
ACO,ACO_A1_B4_ER0p3,wt_sds_96,C06,0.9,0.25,0.75,2,,,,,,,,,,1,4,0.3,10.002179,486726,474279,2.55729096
ACO,ACO_A1_B4_ER0p3,wt_sds_106,C07,0.9,0.75,0.25,0,,,,,,,,,,1,4,0.3,10.004258,468511,468490,0.00448229
ACO,ACO_A1_B4_ER0p3,wt_sds_106,C07,0.9,0.75,0.25,1,,,,,,,,,,1,4,0.3,10.002137,468511,463144,1.14554407
ACO,ACO_A1_B4_ER0p3,wt_sds_106,C07,0.9,0.75,0.25,2,,,,,,,,,,1,4,0.3,10.002527,468511,468490,0.00448229
ACO,ACO_A1_B4_ER0p3,wt_sds_116,C08,0.9,0.75,0.75,0,,,,,,,,,,1,4,0.3,10.002324,555895,544449,2.05902194
ACO,ACO_A1_B4_ER0p3,wt_sds_116,C08,0.9,0.75,0.75,1,,,,,,,,,,1,4,0.3,10.001784,555895,547685,1.47689762
ACO,ACO_A1_B4_ER0p3,wt_sds_116,C08,0.9,0.75,0.75,2,,,,,,,,,,1,4,0.3,10.002990,555895,555035,0.15470547
ACO,ACO_A2_B2_ER0p1,wt_sds_6,C01,0.3,0.25,0.25,0,,,,,,,,,,2,2,0.1,10.002064,19733,10631,46.12577915
ACO,ACO_A2_B2_ER0p1,wt_sds_6,C01,0.3,0.25,0.25,1,,,,,,,,,,2,2,0.1,10.000592,19733,10947,44.52440075
ACO,ACO_A2_B2_ER0p1,wt_sds_6,C01,0.3,0.25,0.25,2,,,,,,,,,,2,2,0.1,10.000716,19733,11729,40.56149597
ACO,ACO_A2_B2_ER0p1,wt_sds_16,C02,0.3,0.25,0.75,0,,,,,,,,,,2,2,0.1,10.002084,11659,7510,35.58624239
ACO,ACO_A2_B2_ER0p1,wt_sds_16,C02,0.3,0.25,0.75,1,,,,,,,,,,2,2,0.1,10.000727,11659,9467,18.80092632
ACO,ACO_A2_B2_ER0p1,wt_sds_16,C02,0.3,0.25,0.75,2,,,,,,,,,,2,2,0.1,10.002841,11659,7932,31.96672099
ACO,ACO_A2_B2_ER0p1,wt_sds_26,C03,0.3,0.75,0.25,0,,,,,,,,,,2,2,0.1,10.002172,1885,162,91.40583554
ACO,ACO_A2_B2_ER0p1,wt_sds_26,C03,0.3,0.75,0.25,1,,,,,,,,,,2,2,0.1,0.099549,1885,0,100.00000000
ACO,ACO_A2_B2_ER0p1,wt_sds_26,C03,0.3,0.75,0.25,2,,,,,,,,,,2,2,0.1,10.003586,1885,552,70.71618037
ACO,ACO_A2_B2_ER0p1,wt_sds_36,C04,0.3,0.75,0.75,0,,,,,,,,,,2,2,0.1,0.054229,234,0,100.00000000
ACO,ACO_A2_B2_ER0p1,wt_sds_36,C04,0.3,0.75,0.75,1,,,,,,,,,,2,2,0.1,0.028215,234,0,100.00000000
ACO,ACO_A2_B2_ER0p1,wt_sds_36,C04,0.3,0.75,0.75,2,,,,,,,,,,2,2,0.1,0.045051,234,0,100.00000000
ACO,ACO_A2_B2_ER0p1,wt_sds_86,C05,0.9,0.25,0.25,0,,,,,,,,,,2,2,0.1,10.004281,372509,372509,0.00000000
ACO,ACO_A2_B2_ER0p1,wt_sds_86,C05,0.9,0.25,0.25,1,,,,,,,,,,2,2,0.1,10.002828,372509,372509,0.00000000
ACO,ACO_A2_B2_ER0p1,wt_sds_86,C05,0.9,0.25,0.25,2,,,,,,,,,,2,2,0.1,10.001890,372509,372509,0.00000000
ACO,ACO_A2_B2_ER0p1,wt_sds_96,C06,0.9,0.25,0.75,0,,,,,,,,,,2,2,0.1,10.000684,486726,486726,0.00000000
ACO,ACO_A2_B2_ER0p1,wt_sds_96,C06,0.9,0.25,0.75,1,,,,,,,,,,2,2,0.1,10.000838,486726,486334,0.08053813
ACO,ACO_A2_B2_ER0p1,wt_sds_96,C06,0.9,0.25,0.75,2,,,,,,,,,,2,2,0.1,10.000616,486726,486726,0.00000000
ACO,ACO_A2_B2_ER0p1,wt_sds_106,C07,0.9,0.75,0.25,0,,,,,,,,,,2,2,0.1,10.002401,468511,468490,0.00448229
ACO,ACO_A2_B2_ER0p1,wt_sds_106,C07,0.9,0.75,0.25,1,,,,,,,,,,2,2,0.1,10.003250,468511,468490,0.00448229
ACO,ACO_A2_B2_ER0p1,wt_sds_106,C07,0.9,0.75,0.25,2,,,,,,,,,,2,2,0.1,10.003834,468511,468490,0.00448229
ACO,ACO_A2_B2_ER0p1,wt_sds_116,C08,0.9,0.75,0.75,0,,,,,,,,,,2,2,0.1,10.002432,555895,555895,0.00000000
ACO,ACO_A2_B2_ER0p1,wt_sds_116,C08,0.9,0.75,0.75,1,,,,,,,,,,2,2,0.1,10.002970,555895,555895,0.00000000
ACO,ACO_A2_B2_ER0p1,wt_sds_116,C08,0.9,0.75,0.75,2,,,,,,,,,,2,2,0.1,10.000466,555895,552443,0.62098058
ACO,ACO_A2_B2_ER0p3,wt_sds_6,C01,0.3,0.25,0.25,0,,,,,,,,,,2,2,0.3,10.004861,19733,11022,44.14432676
ACO,ACO_A2_B2_ER0p3,wt_sds_6,C01,0.3,0.25,0.25,1,,,,,,,,,,2,2,0.3,10.002137,19733,11972,39.33005625
ACO,ACO_A2_B2_ER0p3,wt_sds_6,C01,0.3,0.25,0.25,2,,,,,,,,,,2,2,0.3,10.005468,19733,12619,36.05128465
ACO,ACO_A2_B2_ER0p3,wt_sds_16,C02,0.3,0.25,0.75,0,,,,,,,,,,2,2,0.3,10.001946,11659,8533,26.81190497
ACO,ACO_A2_B2_ER0p3,wt_sds_16,C02,0.3,0.25,0.75,1,,,,,,,,,,2,2,0.3,10.005363,11659,8378,28.14135003
ACO,ACO_A2_B2_ER0p3,wt_sds_16,C02,0.3,0.25,0.75,2,,,,,,,,,,2,2,0.3,10.003482,11659,7454,36.06655802
ACO,ACO_A2_B2_ER0p3,wt_sds_26,C03,0.3,0.75,0.25,0,,,,,,,,,,2,2,0.3,10.003560,1885,553,70.66312997
ACO,ACO_A2_B2_ER0p3,wt_sds_26,C03,0.3,0.75,0.25,1,,,,,,,,,,2,2,0.3,10.001991,1885,32,98.30238727
ACO,ACO_A2_B2_ER0p3,wt_sds_26,C03,0.3,0.75,0.25,2,,,,,,,,,,2,2,0.3,10.002823,1885,197,89.54907162
ACO,ACO_A2_B2_ER0p3,wt_sds_36,C04,0.3,0.75,0.75,0,,,,,,,,,,2,2,0.3,0.043398,234,0,100.00000000
ACO,ACO_A2_B2_ER0p3,wt_sds_36,C04,0.3,0.75,0.75,1,,,,,,,,,,2,2,0.3,0.024541,234,0,100.00000000
ACO,ACO_A2_B2_ER0p3,wt_sds_36,C04,0.3,0.75,0.75,2,,,,,,,,,,2,2,0.3,0.042437,234,0,100.00000000
ACO,ACO_A2_B2_ER0p3,wt_sds_86,C05,0.9,0.25,0.25,0,,,,,,,,,,2,2,0.3,10.002941,372509,372509,0.00000000
ACO,ACO_A2_B2_ER0p3,wt_sds_86,C05,0.9,0.25,0.25,1,,,,,,,,,,2,2,0.3,10.002274,372509,372500,0.00241605
ACO,ACO_A2_B2_ER0p3,wt_sds_86,C05,0.9,0.25,0.25,2,,,,,,,,,,2,2,0.3,10.002904,372509,372509,0.00000000
ACO,ACO_A2_B2_ER0p3,wt_sds_96,C06,0.9,0.25,0.75,0,,,,,,,,,,2,2,0.3,10.000935,486726,486277,0.09224903
ACO,ACO_A2_B2_ER0p3,wt_sds_96,C06,0.9,0.25,0.75,1,,,,,,,,,,2,2,0.3,10.001349,486726,486334,0.08053813
ACO,ACO_A2_B2_ER0p3,wt_sds_96,C06,0.9,0.25,0.75,2,,,,,,,,,,2,2,0.3,10.000470,486726,486726,0.00000000
ACO,ACO_A2_B2_ER0p3,wt_sds_106,C07,0.9,0.75,0.25,0,,,,,,,,,,2,2,0.3,10.002302,468511,468511,0.00000000
ACO,ACO_A2_B2_ER0p3,wt_sds_106,C07,0.9,0.75,0.25,1,,,,,,,,,,2,2,0.3,10.001335,468511,468490,0.00448229
ACO,ACO_A2_B2_ER0p3,wt_sds_106,C07,0.9,0.75,0.25,2,,,,,,,,,,2,2,0.3,10.002830,468511,468511,0.00000000
ACO,ACO_A2_B2_ER0p3,wt_sds_116,C08,0.9,0.75,0.75,0,,,,,,,,,,2,2,0.3,10.001717,555895,555895,0.00000000
ACO,ACO_A2_B2_ER0p3,wt_sds_116,C08,0.9,0.75,0.75,1,,,,,,,,,,2,2,0.3,10.001885,555895,555895,0.00000000
ACO,ACO_A2_B2_ER0p3,wt_sds_116,C08,0.9,0.75,0.75,2,,,,,,,,,,2,2,0.3,10.004461,555895,555895,0.00000000
ACO,ACO_A2_B4_ER0p1,wt_sds_6,C01,0.3,0.25,0.25,0,,,,,,,,,,2,4,0.1,10.002916,19733,9273,53.00765216
ACO,ACO_A2_B4_ER0p1,wt_sds_6,C01,0.3,0.25,0.25,1,,,,,,,,,,2,4,0.1,10.001744,19733,10125,48.69001166
ACO,ACO_A2_B4_ER0p1,wt_sds_6,C01,0.3,0.25,0.25,2,,,,,,,,,,2,4,0.1,10.000908,19733,9367,52.53129276
ACO,ACO_A2_B4_ER0p1,wt_sds_16,C02,0.3,0.25,0.75,0,,,,,,,,,,2,4,0.1,10.003777,11659,7281,37.55039026
ACO,ACO_A2_B4_ER0p1,wt_sds_16,C02,0.3,0.25,0.75,1,,,,,,,,,,2,4,0.1,10.002001,11659,7681,34.11956429
ACO,ACO_A2_B4_ER0p1,wt_sds_16,C02,0.3,0.25,0.75,2,,,,,,,,,,2,4,0.1,10.003655,11659,6367,45.38982760
ACO,ACO_A2_B4_ER0p1,wt_sds_26,C03,0.3,0.75,0.25,0,,,,,,,,,,2,4,0.1,10.003204,1885,636,66.25994695
ACO,ACO_A2_B4_ER0p1,wt_sds_26,C03,0.3,0.75,0.25,1,,,,,,,,,,2,4,0.1,10.001085,1885,526,72.09549072
ACO,ACO_A2_B4_ER0p1,wt_sds_26,C03,0.3,0.75,0.25,2,,,,,,,,,,2,4,0.1,10.002357,1885,407,78.40848806
ACO,ACO_A2_B4_ER0p1,wt_sds_36,C04,0.3,0.75,0.75,0,,,,,,,,,,2,4,0.1,0.021689,234,0,100.00000000
ACO,ACO_A2_B4_ER0p1,wt_sds_36,C04,0.3,0.75,0.75,1,,,,,,,,,,2,4,0.1,0.037208,234,0,100.00000000
ACO,ACO_A2_B4_ER0p1,wt_sds_36,C04,0.3,0.75,0.75,2,,,,,,,,,,2,4,0.1,0.022120,234,0,100.00000000
ACO,ACO_A2_B4_ER0p1,wt_sds_86,C05,0.9,0.25,0.25,0,,,,,,,,,,2,4,0.1,10.002514,372509,371377,0.30388528
ACO,ACO_A2_B4_ER0p1,wt_sds_86,C05,0.9,0.25,0.25,1,,,,,,,,,,2,4,0.1,10.001237,372509,371370,0.30576442
ACO,ACO_A2_B4_ER0p1,wt_sds_86,C05,0.9,0.25,0.25,2,,,,,,,,,,2,4,0.1,10.004342,372509,371788,0.19355237
ACO,ACO_A2_B4_ER0p1,wt_sds_96,C06,0.9,0.25,0.75,0,,,,,,,,,,2,4,0.1,10.000632,486726,474599,2.49154555
ACO,ACO_A2_B4_ER0p1,wt_sds_96,C06,0.9,0.25,0.75,1,,,,,,,,,,2,4,0.1,10.002473,486726,475777,2.24952026
ACO,ACO_A2_B4_ER0p1,wt_sds_96,C06,0.9,0.25,0.75,2,,,,,,,,,,2,4,0.1,10.004078,486726,473349,2.74836356
ACO,ACO_A2_B4_ER0p1,wt_sds_106,C07,0.9,0.75,0.25,0,,,,,,,,,,2,4,0.1,10.000636,468511,468490,0.00448229
ACO,ACO_A2_B4_ER0p1,wt_sds_106,C07,0.9,0.75,0.25,1,,,,,,,,,,2,4,0.1,10.003921,468511,466774,0.37074903
ACO,ACO_A2_B4_ER0p1,wt_sds_106,C07,0.9,0.75,0.25,2,,,,,,,,,,2,4,0.1,10.001859,468511,468490,0.00448229
ACO,ACO_A2_B4_ER0p1,wt_sds_116,C08,0.9,0.75,0.75,0,,,,,,,,,,2,4,0.1,10.003441,555895,547196,1.56486387
ACO,ACO_A2_B4_ER0p1,wt_sds_116,C08,0.9,0.75,0.75,1,,,,,,,,,,2,4,0.1,10.000836,555895,549460,1.15759271
ACO,ACO_A2_B4_ER0p1,wt_sds_116,C08,0.9,0.75,0.75,2,,,,,,,,,,2,4,0.1,10.000790,555895,551395,0.80950539
ACO,ACO_A2_B4_ER0p3,wt_sds_6,C01,0.3,0.25,0.25,0,,,,,,,,,,2,4,0.3,10.003961,19733,10523,46.67308569
ACO,ACO_A2_B4_ER0p3,wt_sds_6,C01,0.3,0.25,0.25,1,,,,,,,,,,2,4,0.3,10.001981,19733,10125,48.69001166
ACO,ACO_A2_B4_ER0p3,wt_sds_6,C01,0.3,0.25,0.25,2,,,,,,,,,,2,4,0.3,10.000977,19733,9940,49.62752749
ACO,ACO_A2_B4_ER0p3,wt_sds_16,C02,0.3,0.25,0.75,0,,,,,,,,,,2,4,0.3,10.003451,11659,8464,27.40372245
ACO,ACO_A2_B4_ER0p3,wt_sds_16,C02,0.3,0.25,0.75,1,,,,,,,,,,2,4,0.3,10.003549,11659,9067,22.23175229
ACO,ACO_A2_B4_ER0p3,wt_sds_16,C02,0.3,0.25,0.75,2,,,,,,,,,,2,4,0.3,10.002377,11659,8805,24.47894331
ACO,ACO_A2_B4_ER0p3,wt_sds_26,C03,0.3,0.75,0.25,0,,,,,,,,,,2,4,0.3,10.000419,1885,636,66.25994695
ACO,ACO_A2_B4_ER0p3,wt_sds_26,C03,0.3,0.75,0.25,1,,,,,,,,,,2,4,0.3,10.002448,1885,563,70.13262599
ACO,ACO_A2_B4_ER0p3,wt_sds_26,C03,0.3,0.75,0.25,2,,,,,,,,,,2,4,0.3,10.000736,1885,407,78.40848806
ACO,ACO_A2_B4_ER0p3,wt_sds_36,C04,0.3,0.75,0.75,0,,,,,,,,,,2,4,0.3,0.015677,234,0,100.00000000
ACO,ACO_A2_B4_ER0p3,wt_sds_36,C04,0.3,0.75,0.75,1,,,,,,,,,,2,4,0.3,0.034233,234,0,100.00000000
ACO,ACO_A2_B4_ER0p3,wt_sds_36,C04,0.3,0.75,0.75,2,,,,,,,,,,2,4,0.3,0.022911,234,0,100.00000000
ACO,ACO_A2_B4_ER0p3,wt_sds_86,C05,0.9,0.25,0.25,0,,,,,,,,,,2,4,0.3,10.003812,372509,371964,0.14630519
ACO,ACO_A2_B4_ER0p3,wt_sds_86,C05,0.9,0.25,0.25,1,,,,,,,,,,2,4,0.3,10.001259,372509,371336,0.31489172
ACO,ACO_A2_B4_ER0p3,wt_sds_86,C05,0.9,0.25,0.25,2,,,,,,,,,,2,4,0.3,10.001910,372509,372509,0.00000000
ACO,ACO_A2_B4_ER0p3,wt_sds_96,C06,0.9,0.25,0.75,0,,,,,,,,,,2,4,0.3,10.003967,486726,473538,2.70953267
ACO,ACO_A2_B4_ER0p3,wt_sds_96,C06,0.9,0.25,0.75,1,,,,,,,,,,2,4,0.3,10.002411,486726,482388,0.89126120
ACO,ACO_A2_B4_ER0p3,wt_sds_96,C06,0.9,0.25,0.75,2,,,,,,,,,,2,4,0.3,10.000698,486726,486250,0.09779630
ACO,ACO_A2_B4_ER0p3,wt_sds_106,C07,0.9,0.75,0.25,0,,,,,,,,,,2,4,0.3,10.001228,468511,468511,0.00000000
ACO,ACO_A2_B4_ER0p3,wt_sds_106,C07,0.9,0.75,0.25,1,,,,,,,,,,2,4,0.3,10.002409,468511,468490,0.00448229
ACO,ACO_A2_B4_ER0p3,wt_sds_106,C07,0.9,0.75,0.25,2,,,,,,,,,,2,4,0.3,10.003344,468511,468511,0.00000000
ACO,ACO_A2_B4_ER0p3,wt_sds_116,C08,0.9,0.75,0.75,0,,,,,,,,,,2,4,0.3,10.003475,555895,555895,0.00000000
ACO,ACO_A2_B4_ER0p3,wt_sds_116,C08,0.9,0.75,0.75,1,,,,,,,,,,2,4,0.3,10.002634,555895,555895,0.00000000
ACO,ACO_A2_B4_ER0p3,wt_sds_116,C08,0.9,0.75,0.75,2,,,,,,,,,,2,4,0.3,10.002679,555895,551395,0.80950539
