algorithm,config_id,instance,class_id,tau,R,eta,seed,cooling_rate,population_size,mutation_rate,tournament_size,tabu_tenure,neighborhood_sample,differential_weight,swarm_size,inertia_probability,runtime_sec,ATCS_twt,best_twt,improvement_vs_ATCS
SA,SA_CR0p9,wt_sds_6,C01,0.3,0.25,0.25,0,0.9,,,,,,,,,2.835156,19733,8512,56.86413622
SA,SA_CR0p9,wt_sds_6,C01,0.3,0.25,0.25,1,0.9,,,,,,,,,2.450144,19733,8882,54.98910455
SA,SA_CR0p9,wt_sds_6,C01,0.3,0.25,0.25,2,0.9,,,,,,,,,2.304773,19733,8680,56.01277049
SA,SA_CR0p9,wt_sds_16,C02,0.3,0.25,0.75,0,0.9,,,,,,,,,2.428310,11659,9258,20.59353289
SA,SA_CR0p9,wt_sds_16,C02,0.3,0.25,0.75,1,0.9,,,,,,,,,2.437945,11659,10716,8.08817223
SA,SA_CR0p9,wt_sds_16,C02,0.3,0.25,0.75,2,0.9,,,,,,,,,2.290882,11659,10161,12.84844326
SA,SA_CR0p9,wt_sds_26,C03,0.3,0.75,0.25,0,0.9,,,,,,,,,0.663347,1885,0,100.00000000
SA,SA_CR0p9,wt_sds_26,C03,0.3,0.75,0.25,1,0.9,,,,,,,,,0.667415,1885,0,100.00000000
SA,SA_CR0p9,wt_sds_26,C03,0.3,0.75,0.25,2,0.9,,,,,,,,,0.693143,1885,0,100.00000000
SA,SA_CR0p9,wt_sds_36,C04,0.3,0.75,0.75,0,0.9,,,,,,,,,0.567038,234,0,100.00000000
SA,SA_CR0p9,wt_sds_36,C04,0.3,0.75,0.75,1,0.9,,,,,,,,,0.498697,234,0,100.00000000
SA,SA_CR0p9,wt_sds_36,C04,0.3,0.75,0.75,2,0.9,,,,,,,,,0.434810,234,0,100.00000000
SA,SA_CR0p9,wt_sds_86,C05,0.9,0.25,0.25,0,0.9,,,,,,,,,2.436738,372509,372509,0.00000000
SA,SA_CR0p9,wt_sds_86,C05,0.9,0.25,0.25,1,0.9,,,,,,,,,2.455026,372509,372509,0.00000000
SA,SA_CR0p9,wt_sds_86,C05,0.9,0.25,0.25,2,0.9,,,,,,,,,2.565862,372509,372509,0.00000000
SA,SA_CR0p9,wt_sds_96,C06,0.9,0.25,0.75,0,0.9,,,,,,,,,2.626603,486726,486726,0.00000000
SA,SA_CR0p9,wt_sds_96,C06,0.9,0.25,0.75,1,0.9,,,,,,,,,2.537087,486726,486726,0.00000000
SA,SA_CR0p9,wt_sds_96,C06,0.9,0.25,0.75,2,0.9,,,,,,,,,2.539747,486726,486726,0.00000000
SA,SA_CR0p9,wt_sds_106,C07,0.9,0.75,0.25,0,0.9,,,,,,,,,2.487426,468511,468157,0.07555852
SA,SA_CR0p9,wt_sds_106,C07,0.9,0.75,0.25,1,0.9,,,,,,,,,2.493069,468511,465216,0.70329192
SA,SA_CR0p9,wt_sds_106,C07,0.9,0.75,0.25,2,0.9,,,,,,,,,2.481645,468511,468511,0.00000000
SA,SA_CR0p9,wt_sds_116,C08,0.9,0.75,0.75,0,0.9,,,,,,,,,2.549453,555895,555895,0.00000000
SA,SA_CR0p9,wt_sds_116,C08,0.9,0.75,0.75,1,0.9,,,,,,,,,2.592715,555895,555895,0.00000000
SA,SA_CR0p9,wt_sds_116,C08,0.9,0.75,0.75,2,0.9,,,,,,,,,2.529908,555895,555895,0.00000000
SA,SA_CR0p95,wt_sds_6,C01,0.3,0.25,0.25,0,0.95,,,,,,,,,4.646431,19733,9264,53.05326103
SA,SA_CR0p95,wt_sds_6,C01,0.3,0.25,0.25,1,0.95,,,,,,,,,4.639070,19733,8908,54.85734556
SA,SA_CR0p95,wt_sds_6,C01,0.3,0.25,0.25,2,0.95,,,,,,,,,4.660990,19733,9391,52.40966908
SA,SA_CR0p95,wt_sds_16,C02,0.3,0.25,0.75,0,0.95,,,,,,,,,4.660391,11659,9977,14.42662321
SA,SA_CR0p95,wt_sds_16,C02,0.3,0.25,0.75,1,0.95,,,,,,,,,4.752246,11659,8061,30.86027961
SA,SA_CR0p95,wt_sds_16,C02,0.3,0.25,0.75,2,0.95,,,,,,,,,4.796258,11659,8136,30.21699974
SA,SA_CR0p95,wt_sds_26,C03,0.3,0.75,0.25,0,0.95,,,,,,,,,1.325692,1885,0,100.00000000
SA,SA_CR0p95,wt_sds_26,C03,0.3,0.75,0.25,1,0.95,,,,,,,,,1.518511,1885,0,100.00000000
SA,SA_CR0p95,wt_sds_26,C03,0.3,0.75,0.25,2,0.95,,,,,,,,,1.504894,1885,0,100.00000000
SA,SA_CR0p95,wt_sds_36,C04,0.3,0.75,0.75,0,0.95,,,,,,,,,0.789850,234,0,100.00000000
SA,SA_CR0p95,wt_sds_36,C04,0.3,0.75,0.75,1,0.95,,,,,,,,,0.947584,234,0,100.00000000
SA,SA_CR0p95,wt_sds_36,C04,0.3,0.75,0.75,2,0.95,,,,,,,,,0.976314,234,0,100.00000000
SA,SA_CR0p95,wt_sds_86,C05,0.9,0.25,0.25,0,0.95,,,,,,,,,5.030004,372509,372509,0.00000000
SA,SA_CR0p95,wt_sds_86,C05,0.9,0.25,0.25,1,0.95,,,,,,,,,5.004297,372509,372509,0.00000000
SA,SA_CR0p95,wt_sds_86,C05,0.9,0.25,0.25,2,0.95,,,,,,,,,4.970180,372509,371921,0.15784854
SA,SA_CR0p95,wt_sds_96,C06,0.9,0.25,0.75,0,0.95,,,,,,,,,5.149207,486726,486726,0.00000000
SA,SA_CR0p95,wt_sds_96,C06,0.9,0.25,0.75,1,0.95,,,,,,,,,5.332404,486726,485548,0.24202529
SA,SA_CR0p95,wt_sds_96,C06,0.9,0.25,0.75,2,0.95,,,,,,,,,5.516940,486726,486726,0.00000000
SA,SA_CR0p95,wt_sds_106,C07,0.9,0.75,0.25,0,0.95,,,,,,,,,5.150295,468511,461712,1.45119325
SA,SA_CR0p95,wt_sds_106,C07,0.9,0.75,0.25,1,0.95,,,,,,,,,5.679463,468511,465668,0.60681606
SA,SA_CR0p95,wt_sds_106,C07,0.9,0.75,0.25,2,0.95,,,,,,,,,5.530843,468511,468511,0.00000000
SA,SA_CR0p95,wt_sds_116,C08,0.9,0.75,0.75,0,0.95,,,,,,,,,5.434588,555895,555895,0.00000000
SA,SA_CR0p95,wt_sds_116,C08,0.9,0.75,0.75,1,0.95,,,,,,,,,5.431671,555895,555895,0.00000000
SA,SA_CR0p95,wt_sds_116,C08,0.9,0.75,0.75,2,0.95,,,,,,,,,5.537263,555895,555895,0.00000000
SA,SA_CR0p99,wt_sds_6,C01,0.3,0.25,0.25,0,0.99,,,,,,,,,10.000026,19733,9254,53.10393757
SA,SA_CR0p99,wt_sds_6,C01,0.3,0.25,0.25,1,0.99,,,,,,,,,10.000007,19733,8772,55.54654639
SA,SA_CR0p99,wt_sds_6,C01,0.3,0.25,0.25,2,0.99,,,,,,,,,10.000010,19733,8697,55.92662038
SA,SA_CR0p99,wt_sds_16,C02,0.3,0.25,0.75,0,0.99,,,,,,,,,10.000026,11659,7011,39.86619779
SA,SA_CR0p99,wt_sds_16,C02,0.3,0.25,0.75,1,0.99,,,,,,,,,10.000006,11659,7362,36.85564800
SA,SA_CR0p99,wt_sds_16,C02,0.3,0.25,0.75,2,0.99,,,,,,,,,10.000016,11659,8449,27.53237842
SA,SA_CR0p99,wt_sds_26,C03,0.3,0.75,0.25,0,0.99,,,,,,,,,6.333519,1885,0,100.00000000
SA,SA_CR0p99,wt_sds_26,C03,0.3,0.75,0.25,1,0.99,,,,,,,,,5.148352,1885,0,100.00000000
SA,SA_CR0p99,wt_sds_26,C03,0.3,0.75,0.25,2,0.99,,,,,,,,,5.883472,1885,0,100.00000000
SA,SA_CR0p99,wt_sds_36,C04,0.3,0.75,0.75,0,0.99,,,,,,,,,3.857483,234,0,100.00000000
SA,SA_CR0p99,wt_sds_36,C04,0.3,0.75,0.75,1,0.99,,,,,,,,,4.645045,234,0,100.00000000
SA,SA_CR0p99,wt_sds_36,C04,0.3,0.75,0.75,2,0.99,,,,,,,,,4.155433,234,0,100.00000000
SA,SA_CR0p99,wt_sds_86,C05,0.9,0.25,0.25,0,0.99,,,,,,,,,10.000012,372509,368145,1.17151532
SA,SA_CR0p99,wt_sds_86,C05,0.9,0.25,0.25,1,0.99,,,,,,,,,10.000014,372509,370890,0.43462037
SA,SA_CR0p99,wt_sds_86,C05,0.9,0.25,0.25,2,0.99,,,,,,,,,10.000016,372509,370972,0.41260748
SA,SA_CR0p99,wt_sds_96,C06,0.9,0.25,0.75,0,0.99,,,,,,,,,10.000005,486726,481299,1.11500105
SA,SA_CR0p99,wt_sds_96,C06,0.9,0.25,0.75,1,0.99,,,,,,,,,10.000014,486726,486726,0.00000000
SA,SA_CR0p99,wt_sds_96,C06,0.9,0.25,0.75,2,0.99,,,,,,,,,10.000007,486726,485346,0.28352708
SA,SA_CR0p99,wt_sds_106,C07,0.9,0.75,0.25,0,0.99,,,,,,,,,10.000069,468511,462828,1.21299180
SA,SA_CR0p99,wt_sds_106,C07,0.9,0.75,0.25,1,0.99,,,,,,,,,10.000029,468511,462252,1.33593448
SA,SA_CR0p99,wt_sds_106,C07,0.9,0.75,0.25,2,0.99,,,,,,,,,10.000014,468511,463474,1.07510816
SA,SA_CR0p99,wt_sds_116,C08,0.9,0.75,0.75,0,0.99,,,,,,,,,10.000008,555895,549284,1.18925337
SA,SA_CR0p99,wt_sds_116,C08,0.9,0.75,0.75,1,0.99,,,,,,,,,10.000009,555895,555895,0.00000000
SA,SA_CR0p99,wt_sds_116,C08,0.9,0.75,0.75,2,0.99,,,,,,,,,10.000015,555895,554641,0.22558217
